Unnamed: 0,smiles,label,features
33,CC(N1CCN(CC1)c2cnc(cc2)N3c4c(ccc(c4)Cl)N(CC3)C(=O)N[C@H]5C6C[C@]7(CC5CC(C6)C7)C(=O)N)(C)C,1,[0 0 0 ... 0 0 0]
785,CCc1ccc(cc1)NC(=O)N2CCN(c3c2cccc3)c4ccc(cn4)N5CCN(CC5)C(C)(C)C,0,[0 0 0 ... 0 0 0]
973,C[C@@]12CC[C@@H](C1(C)C)[C@H]([C@H]2O)NC3=NS(=O)(=O)[C@@H]4CCCC[C@@H]4O3,0,[0 0 0 ... 0 0 0]
1285,CC1(C(S(=O)(=O)N=C(O1)N[C@@H](CCO)c2ccccc2F)c3ccc(c(c3)F)c4ccccc4)C,1,[0 1 0 ... 0 0 0]
429,CNC(=O)[C@@]12CC3[C@H](C(C1)CC(C2)C3)NC(=O)N4c5c(cccc5)N(CC4)c6ccc(cc6)N7CCN(CC7)S(=O)(=O)C,0,[0 0 0 ... 0 0 0]
508,CS(=O)(=O)N1CCN(CC1)c2ccc(cc2)N3c4c(cccc4)N(CC3)C(=O)N[C@H]5C6C[C@]7(CC5CC(C6)C7)C(=O)NCCO,0,[0 0 0 ... 0 0 0]
1378,CC(N1CCN(CC1)c2cnc(cc2)N3c4c(cc(c(c4)F)F)N(CC3)C(=O)N[C@H]5C6C[C@]7(CC5CC(C6)C7)C(=O)N)(C)C,1,[0 0 0 ... 0 0 0]
840,C[C@H]1CN(CCN1c2ncc(cn2)c3ccc(cc3)OC)C(=O)N4CCC(C4)c5c[nH]nc5,0,[0 0 0 ... 0 0 0]
32,CC(N1CCN(CC1)c2cnc(cc2)N3c4c(ccc(c4)Cl)N(CC3)C(=O)N[C@H]5C6C[C@]7(CC5CC(C6)C7)C(=O)N)(C)C,1,[0 0 0 ... 0 0 0]
810,CC1(C(S(=O)(=O)N=C(O1)NC23CCC(CC2)(CC3)F)(C)C)C,1,[0 0 0 ... 0 0 0]
85,CCOC(=O)C1CCN(CC1)c2cnc(cc2)N3c4c(cccc4)N(CC3)C(=O)N[C@H]5C6C[C@]7(CC5CC(C6)C7)C(=O)N,1,[0 0 0 ... 0 0 0]
909,c1ccc(cc1)CCS(=O)(=O)NC(=O)NC23CC4CC(C2)CC(C4)C3,0,[0 0 0 ... 0 0 0]
950,C1CC[C@@H]2[C@H](C1)OC(=NS2(=O)=O)NC34CCC(CC3)CC4,1,[1 0 0 ... 0 0 0]
1395,CC(C)(C)N1CCN(CC1)c2ccc(nc2)N3CCN(c4c3cccc4)C(=O)N(C)Cc5cncc6c5cccc6,0,[0 0 0 ... 0 0 0]
603,CC1(C(S(=O)(=O)N=C(O1)N[C@@H](CCO)c2ccccc2F)(C)c3ccc(cc3)c4ccccc4)C,1,[0 1 0 ... 0 0 0]
55,CCS(=O)(=O)N1CCN(CC1)c2cnc(cc2)N3c4c(cccc4)N(CC3)C(=O)N[C@H]5C6C[C@]7(CC5CC(C6)C7)O,1,[0 0 0 ... 0 0 0]
143,c1cc(cnc1)C2CCN(C2)C(=O)N3CCCc4c3ccc(c4)C(=O)[O-],0,[0 0 0 ... 0 0 0]
1397,CC(C)(C)OC(=O)N1CCN(c2c1cccc2)C(=O)N3CCC(C3)c4cccnc4,0,[0 0 0 ... 0 0 0]
1402,CC(C)(C)N1CCN(CC1)c2ccc(nc2)N3CCN(c4c3cccc4)C(=O)/C=C/c5ccc(c(c5)Cl)F,0,[0 0 0 ... 0 0 0]
495,CC(C)(C)N1CCN(CC1)c2ccc(nc2)N3CCN(c4c3cccc4)C(=O)NCC(C)(C)N5CCCC5,0,[0 0 0 ... 0 0 0]
446,C[C@@]12CC[C@@H](C1(C)C)[C@@H](C2=O)NC(=O)NS(=O)(=O)N3CCCCC3,0,[0 0 1 ... 0 0 0]
1204,c1ccc2c(c1)CCCN2C(=O)N3CCC(C3)c4ccccc4Cl,1,[0 0 0 ... 0 0 0]
288,c1cc2c(cc1)N(CCN2c3ncc(cc3)N4CCC(CC4)N5CCCC5)C(=O)N[C@H]6C7C[C@]8(CC6CC(C7)C8)C(=O)N,1,[0 0 0 ... 0 0 0]
560,c1cc2c(cc1)N(CCN2c3ccc(cc3)N4CCN(CC4)S(=O)(=O)C5CC5)C(=O)N[C@H]6C7C[C@]8(CC6CC(C7)C8)C(=O)N,1,[0 0 0 ... 0 0 0]
888,CC1(CCN(c2c1cc(cc2)Cl)C(=O)N3CCC(C3)c4c[nH]nc4)C,1,[0 0 0 ... 0 0 0]
481,c1cc2c(cc1)N(CCN2c3ncc(cc3)N4CCN(CC4)CC[C@H](N)Cc5c(cc(c(c5)F)F)F)C(=O)N[C@H]6C7C[C@]8(CC6CC(C7)C8)O,1,[0 1 0 ... 0 0 0]
1011,CC(C)(C1CCN(CC1)C(=O)N2CCN(c3c2cccc3)c4ccc(cc4)OCC(=O)NC5CC5)O,0,[0 0 0 ... 0 0 0]
613,COc1cc(ncn1)Oc2ccc(cc2)N3CCN(c4c3cccc4)C(=O)N5CCC(C5)c6c[nH]nc6,1,[0 0 0 ... 0 0 0]
1360,c1ccc(cc1)[C@H](CCO)NC2=NS(=O)(=O)CCO2,0,[0 1 0 ... 0 0 0]
1008,CC1(C(S(=O)(=O)N=C(O1)N[C@@H](CCO)c2ccccc2)c3ccc(cc3)OCc4ccccc4)C,1,[0 1 0 ... 0 0 0]
959,c1ccc2c(c1)NCCN2C(=O)N3CCCC4C3CCCC4,1,[0 0 0 ... 0 0 0]
357,C[C@@H](c1ccccc1F)NC2=NS(=O)(=O)[C@@H](C(O2)(C)C)c3ccc(cc3)c4cccc(c4)C(=O)N(C)C,1,[0 1 0 ... 0 0 0]
1056,CC1(C(S(=O)(=O)N=C(O1)N[C@H]2CCC[C@@H](C2)O)(C)C)C,0,[0 0 0 ... 0 0 0]
952,Cc1ccc(cn1)C2CCN(C2)C(=O)N3CCCc4c3cccc4,0,[0 0 0 ... 0 0 0]
313,C1CC[C@H]2[C@@H](C1)OC(=NS2(=O)=O)N[C@H]3[C@H]4CC[C@H](C4)[C@H]3C(=O)N,0,[0 0 0 ... 0 0 1]
6,c1cc2c(cc1)N(CCN2c3ncc(cc3)N4CCC(CC4)O)C(=O)N[C@H]5C6C[C@]7(CC5CC(C6)C7)C(=O)N,1,[0 0 0 ... 0 0 0]
1325,c1ccc2c(c1)N(CCN2C(=O)N3CCC(C3)c4c[nH]nc4)c5ccc(cn5)c6cc(cc(c6)F)F,0,[0 0 0 ... 0 0 0]
549,c1ccc(cc1)[C@H](CCO)NC2=NS(=O)(=O)[C@@H]3CCCC[C@@H]3O2,1,[0 1 0 ... 0 0 0]
312,c1cc2c(cc1)N(CCN2c3ncc(cc3)N4CCN(CC4)CC[C@H](N)Cc5c(cc(c(c5)F)F)F)C(=O)N[C@H]6C7C[C@]8(CC6CC(C7)C8)C(=O)N,1,[0 1 0 ... 0 0 0]
1058,c1ccc2c(c1)N(CCN2C(=O)N3CCC(C3)c4c[nH]nc4)c5cccc(c5)OCC(=O)NC6CC6,1,[0 0 0 ... 0 0 0]
370,c1cc2c(cc1)N(CCN2c3ncc(cc3)N4CCC(CC4)OCC(=O)O)C(=O)N[C@H]5C6C[C@]7(CC5CC(C6)C7)C(=O)N,1,[0 0 0 ... 0 0 0]
1091,C[C@H]1CN(CCN1C(=O)N2CCC(C2)c3c[nH]nc3)c4ncc(cn4)c5ccc(cc5)OC,0,[0 0 0 ... 0 0 0]
1364,c1ccc(cc1)C(CNC2=NS(=O)(=O)[C@@H]3CCCC[C@@H]3O2)S(=O)(=O)N,0,[0 1 0 ... 0 0 0]
170,c1ccc2c(c1)CCCN2C(=O)N3CCC(C3)c4c[nH]nc4,1,[0 0 0 ... 0 0 0]
94,CS(=O)(=O)N1CCC(CC1)N2CCN(c3c2cccc3)C(=O)N4CCC(C4)c5c[nH]nc5,0,[0 0 0 ... 0 0 0]
664,C[C@@H](c1ccccc1F)NC2=NS(=O)(=O)C(C(O2)(C)C)c3ccc(cc3)c4cc(cc(c4)Cl)C(=O)N,1,[0 1 0 ... 0 0 0]
849,CC1(C(S(=O)(=O)N=C(O1)N[C@@H](CCO)c2ccccc2)c3cccc(c3)C(F)(F)F)C,1,[0 1 0 ... 0 0 0]
756,C[C@@H](c1ccccc1F)NC2=NS(=O)(=O)[C@@H](C(O2)(C)C)c3ccc(cc3)c4cc(cc(c4)F)C(=O)N,1,[0 1 0 ... 0 0 0]
426,c1ccc2c(c1)N(CCN2C(=O)NC3C4CC5CC(C4)CC3C5)c6nc(cs6)c7ccc(cc7)C(=O)N8CCOCC8,0,[0 0 0 ... 0 0 0]
519,CC1COc2ccccc2N1C(=O)N3CCC(CC3)c4c([nH]cn4)C(C)C,0,[0 1 0 ... 0 0 0]
334,CC1(CCCC1CO)NC2=NS(=O)(=O)C3CCCCC3O2,0,[0 0 0 ... 0 0 0]
1308,CC12CC3CC(C1)(CC(C3)(C2)NC4=NS(=O)(=O)C5CCCCC5O4)C,1,[0 0 0 ... 0 0 0]
659,c1ccc2c(c1)N(CCN2C(=O)N3CCC(C3)c4c[nH]nc4)Cc5ccc(cc5)C#N,1,[0 0 0 ... 0 0 0]
1139,Cc1cc(ncc1C2=CC3CCC(C2)N3C(=O)N4CCCc5c4cccc5)Cl,0,[0 0 0 ... 0 0 0]
796,C[C@@H](c1ccccc1F)NC2=NS(=O)(=O)C(C(O2)(C)C)c3ccc(cc3)C(=O)C,1,[0 1 0 ... 0 0 0]
1393,CCCc1c(nc[nH]1)C2CCN(CC2)C(=O)N3c4ccccc4OCC3C,0,[0 0 0 ... 0 0 0]
164,CC1(C(S(=O)(=O)N=C(O1)N[C@@H](CCO)c2ccccc2F)Cc3ccc(cc3)C4CCNCC4)C,1,[0 1 0 ... 0 0 0]
653,CC1(C(S(=O)(=O)N=C(O1)N[C@@H](CCO)c2ccccc2F)c3ccc(cc3F)C4CCN(CC4)CCCF)C,1,[0 1 0 ... 0 0 0]
621,c1ccc(cc1)C(CS(=O)(=O)N)NC2=NS(=O)(=O)[C@@H]3CCCC[C@@H]3O2,0,[0 1 0 ... 0 0 0]
468,c1csc(n1)[C@H](CCO)NC2=NS(=O)(=O)[C@H]3CCCC[C@H]3O2,0,[0 1 0 ... 0 0 0]
290,CC1(C(S(=O)(=O)N=C(O1)N[C@@H](CCO)c2cccc(c2)Cl)Cc3ccccc3)C,1,[0 1 0 ... 0 0 0]
1078,CC1(CCN(c2c1cccc2)C(=O)NC3C4CC5CC3CC(C5)(C4)C(=O)O)C,0,[0 0 0 ... 0 0 0]
614,c1cc2c(cc1)N(CCN2c3ncc(cc3)C(F)(F)F)C(=O)N[C@H]4C5C[C@]6(CC4CC(C5)C6)C(=O)N,1,[0 0 0 ... 0 0 0]
1227,CC1([C@@H](S(=O)(=O)N=C(O1)N[C@]23C[C@@H]4C[C@H](C2)C[C@H]3C4)Cc5ccc(cc5)Br)C,1,[1 0 0 ... 0 0 0]
643,c1ccc2c(c1)CCCN2C(=O)N3CCC(CC3)c4ccncc4,0,[0 0 0 ... 0 0 0]
1062,CC1([C@@H](S(=O)(=O)N=C(O1)N[C@@H](CCO)c2ccccc2F)c3ccc(cc3)Br)C,1,[0 1 0 ... 0 0 0]
749,CC1([C@H](S(=O)(=O)N=C(O1)N[C@@H](CCO)c2ccccc2F)c3ccc(cc3)c4ccc(c(c4)F)C#N)C,1,[0 1 0 ... 0 0 0]
961,CC(C)C(C)NC(=O)N1CCN(c2c1cccc2)c3ccc(cn3)N4CCN(CC4)C(C)(C)C,0,[0 1 0 ... 0 0 0]
1257,CC1(C(S(=O)(=O)N=C(O1)N[C@]23C[C@@H]4C[C@H](C2)C[C@H]3C4)Cc5ccc(cc5F)Br)C,1,[1 0 0 ... 0 0 0]
211,CC1(C(S(=O)(=O)N=C(O1)N[C@@H](CCO)c2ccccc2F)c3ccc(cc3)C(C)(C)C)C,1,[0 1 0 ... 0 0 0]
300,C[C@@H](c1ccccc1F)NC2=NS(=O)(=O)[C@H](C(O2)(C)C)Cc3ccc(cc3)C(CNC(=O)OC(C)(C)C)CO,1,[0 1 0 ... 0 0 0]
948,CC1(C(S(=O)(=O)N=C(O1)N[C@@H](CCO)c2ccccc2F)c3ccc(cc3)C4CCN(CC4)CC(F)F)C,1,[0 1 0 ... 0 0 0]
799,CC1(C(S(=O)(=O)N=C(O1)N[C@@H](CCO)c2ccccc2)c3ccccc3)C,1,[0 1 0 ... 0 0 0]
866,c1cc2c(cc1)N(CCN2c3ncc(cc3)N4CCC(CC4)(F)F)C(=O)N[C@H]5C6C[C@]7(CC5CC(C6)C7)O,1,[0 0 0 ... 0 0 0]
856,CC1([C@H](S(=O)(=O)N=C(O1)N[C@]23C[C@@H]4C[C@H](C2)C[C@H]3C4)Cc5ccc(s5)C6CCN(CC6)C)C,1,[1 0 0 ... 0 0 0]
494,CC1([C@@H](S(=O)(=O)N=C(O1)NC23CC4CC(C2)CC3C4)c5ccc(cc5)c6cccc(c6)C(=O)O)C,1,[1 0 0 ... 0 0 0]
432,CC1(C(S(=O)(=O)N=C(O1)NC2CCCCC2)c3cccc(c3)OCc4ccccc4)C,0,[0 0 1 ... 0 0 0]
902,COc1ccccc1C2CCN(C2)C(=O)N3CCOc4c3cccc4,0,[0 0 0 ... 0 0 0]
151,c1cc(ccc1F)S(=O)(=O)NC(=O)NC2CCCCCCC2,0,[0 0 1 ... 0 0 0]
988,C[C@@H](c1ccccc1F)NC2=NS(=O)(=O)[C@@H](C(O2)(C)C)Cc3ccc(cc3)OCC(C)(C)N,0,[0 1 0 ... 0 0 0]
858,c1cc2c(cc1)N(CCN2c3ncc(cc3)N4CCS(=O)(=O)CC4)C(=O)N[C@H]5C6C[C@]7(CC5CC(C6)C7)C(=O)N,1,[0 0 0 ... 0 0 0]
662,c1c(ccc(c1)O[C@H]2CC3N(C(C2)CC3)C(=O)N[C@H]4C5C[C@]6(CC4CC(C5)C6)O)C#N,1,[0 0 0 ... 0 0 0]
1358,CC1(C(S(=O)(=O)N=C(O1)N[C@@H](CCO)c2ccccc2F)c3ccc(cc3)c4ccc(s4)Cl)C,1,[0 1 0 ... 0 0 0]
1349,c1ccc2c(c1)CCCN2C(=O)N3CCC4(CC3)C=Cc5c4cccc5,1,[0 0 0 ... 0 0 0]
1177,C1CC2OC(=NS(=O)(=O)C2CC1)N[C@H]3CC[C@H](CC3)O,0,[0 0 0 ... 0 0 0]
655,CC1([C@@H](S(=O)(=O)N=C(O1)N[C@@H](CCO)c2ccccc2F)c3ccc(cc3)C4CN(C4)CC(F)F)C,1,[0 1 0 ... 0 0 0]
201,c1cc2c(cc1)N(CCN2c3ccc(cc3)N4CCN(CC4)S(=O)(=O)C5CCNCC5)C(=O)N[C@H]6C7C[C@]8(CC6CC(C7)C8)O,1,[0 0 0 ... 0 0 0]
584,C1CCC(CC1)C(CCO)NC2=NS(=O)(=O)C3CCCCC3O2,0,[0 1 1 ... 0 0 0]
939,CC1([C@@H](S(=O)(=O)N=C(O1)N[C@@H](CCO)c2ccccc2F)c3ccc(cc3)c4ccc(cc4)C(=O)N)C,1,[0 1 0 ... 0 0 0]
229,CC(OC1CCN(CC1)c2ccc(cc2)N3c4c(cccc4)N(CC3)C(=O)N[C@H]5C6C[C@]7(CC5CC(C6)C7)C(=O)N)C,1,[0 1 0 ... 0 0 0]
555,CC1(C(S(=O)(=O)N=C(O1)N[C@@H](CC(C)(C)O)c2cccnc2)(C)C)C,0,[0 1 0 ... 0 0 0]
1304,CC(C)(C)N1CCN(CC1)c2ccc(nc2)N3CCN(c4c3cccc4)C(=O)NCCS(=O)(=O)NC,0,[0 0 0 ... 0 0 0]
726,c1ccc(cc1)C[C@H](CO)NC2=NS(=O)(=O)[C@H]3CCCC[C@H]3O2,0,[0 1 0 ... 0 0 0]
666,C[C@@H](c1ccccc1F)NC2=NS(=O)(=O)[C@H](C(O2)(C)C)c3ccc(cc3)c4cc(cc(c4)Cl)C(=O)N,1,[0 1 0 ... 0 0 0]
278,c1ccc2c(c1)CCCN2C(=O)N3CC[C@H](C3)c4ccncc4,1,[0 0 0 ... 0 0 0]
639,C[C@@H](c1ccccc1F)NC2=NS(=O)(=O)C(C(O2)(C)C)(C)c3ccc(cc3)c4ccccc4,1,[0 1 0 ... 0 0 0]
852,c1ccc2c(c1)N(CCO2)C(=O)N3CCC(C3)c4c[nH]nc4,1,[0 0 0 ... 0 0 0]
444,C[C@@]12CC[C@@H](C1(C)C)C[C@H]2NC3=NS(=O)(=O)[C@@H]4CCCC[C@@H]4O3,1,[0 0 0 ... 0 0 0]
701,CC1([C@H](S(=O)(=O)N=C(O1)NC23CC4CC2CC(C4)(C3)C(=O)N)c5ccc(cc5)C6CCN(CC6)CCC(F)(F)F)C,1,[1 0 0 ... 0 0 0]
227,c1cc2c(cc1)N(CCN2c3ncc(cc3)N4CCN(CC4)C5(CCC5)CO)C(=O)N[C@H]6C7C[C@]8(CC6CC(C7)C8)C(=O)N,1,[0 0 0 ... 0 0 0]
1319,CCc1ccccc1C2CC3CCC(C2)N3C(=O)N4CCCc5c4cccc5,1,[0 0 0 ... 0 0 0]
1399,c1cc(cnc1)[C@H](CCO)NC2=NS(=O)(=O)[C@@H]3CCCC[C@@H]3O2,1,[0 1 0 ... 0 0 0]
387,CC1CCCC(N1NC2=NS(=O)(=O)[C@H]3CCCC[C@H]3O2)C,0,[0 0 0 ... 0 0 0]
628,Cc1c(cccc1Cl)S(=O)(=O)NC(=O)N[C@@]23C[C@H]4C[C@@H](C2)C[C@](C4)(C3)O,0,[0 0 0 ... 0 0 0]
1072,c1ccc2c(c1)N(CCN2C(=O)/C=C/c3ccc(cc3)F)c4ccc(cn4)N5CCN(CC5)S(=O)(=O)C6CC6,0,[0 0 0 ... 0 0 0]
914,CC1(C(S(=O)(=O)N=C(O1)N[C@@H](CCO)c2ccccc2)(C)c3cccc(c3)c4cncnc4)C,1,[0 1 0 ... 0 0 0]
1184,CS(=O)(=O)N1CCN(CC1)c2ccc(cc2)N3CCN(c4c3cccc4)C(=O)NC56CCC(CC5)(CC6)C(=O)O,0,[0 0 0 ... 0 0 0]
583,C1CCC(CC1)C(CCO)NC2=NS(=O)(=O)C3CCCCC3O2,0,[0 1 1 ... 0 0 0]
1369,c1cc2c(cc1)N(CCN2c3ncc(cc3)N4CCN(CC4)S(=O)(=O)C5CC5)C(=O)N[C@H]6C7C[C@]8(CC6CC(C7)C8)OS(=O)(=O)O,0,[0 0 0 ... 0 0 0]
1162,CN(C)CC[C@@H](c1ccccc1)NC2=NS(=O)(=O)[C@@H]3CCCC[C@@H]3O2,0,[0 1 0 ... 0 0 0]
681,c1cc(ccc1C#N)S(=O)(=O)NC(=O)NC23CC4CC(C2)CC(C4)C3,0,[0 0 0 ... 0 0 0]
191,CC1(C(S(=O)(=O)N=C(O1)N[C@@H](CCO)c2ccccc2F)c3ccc(cc3)N4CCN(CC4)CCC(F)(F)F)C,1,[0 1 0 ... 0 0 0]
1381,CC1(C(S(=O)(=O)N=C(O1)N[C@@H](CCO)c2ccccc2F)Cc3ccc(cc3)C4CCN(CC4)CC5CC5)C,1,[0 1 0 ... 0 0 0]
1231,CS(=O)(=O)N1CCN(CC1)c2ccc(cc2)N3c4c(cccc4)N(CC3)C(=O)N[C@H]5C6C[C@@]7(CC5CC(C6)C7)O,0,[0 0 0 ... 0 0 0]
1382,C1CCC2C(C1)CCCN2C(=O)N3C4CCC3CC(C4)C5CCCNC5,0,[0 0 0 ... 0 0 0]
977,C[C@]12CCCC[C@]1(S(=O)(=O)N=C(O2)NC3CCCCC3)C,1,[0 0 1 ... 0 0 0]
493,CC1([C@H](S(=O)(=O)N=C(O1)NC23CC4CC(C2)CC3C4)c5ccc(cc5)c6cccc(c6)C(=O)O)C,1,[1 0 0 ... 0 0 0]
61,CC(C)N1CC(C1)c2ccc(c(c2)F)C[C@@H]3C(OC(=NS3(=O)=O)N[C@]45C[C@@H]6C[C@H](C4)C[C@H]5C6)(C)C,1,[1 1 0 ... 0 0 0]
1243,CCN1CC(C1)c2ccc(cc2)C[C@@H]3C(OC(=NS3(=O)=O)NC45CC6CC(C4)CC5C6)(C)C,1,[1 0 0 ... 0 0 0]
1086,CNS(=O)(=O)c1ccc2c(c1)CCCN2C(=O)N3CCC(C3)c4cccnc4,0,[0 0 0 ... 0 0 0]
261,c1ccc2c(c1)CCCN2C(=O)N3C4CCC3C=C(C4)c5ccccc5Cl,1,[0 0 0 ... 0 0 0]
111,CC(S(=O)(=O)N1CCN(CC1)c2cnc(cc2)N3c4c(cccc4)N(CC3)C(=O)N[C@H]5C6C[C@]7(CC5CC(C6)C7)O)C,1,[0 1 0 ... 0 0 0]
1283,Cc1ccc(cc1)S(=O)(=O)NC(=O)NC2CCCCCCC2,0,[0 0 1 ... 0 0 0]
1004,Cc1nc(cn1C)S(=O)(=O)NC(=S)NC23CC4CC(C2)CC(C4)C3,0,[0 0 0 ... 0 0 0]
419,CN1CCN(c2c1cccc2)C(=O)N3CCC(C3)c4cccnc4,1,[0 0 0 ... 0 0 0]
116,c1ccc2c(c1)C(CCN2C(=O)N3CCC(C3)c4c[nH]nc4)C(=O)O,0,[0 0 0 ... 0 0 0]
1220,COc1ccc(cc1)C2CCN(C2)C(=O)N3CCOc4c3cccc4,0,[0 0 0 ... 0 0 0]
315,CC1(OC(=NS(=O)(=O)[C@@H]1c2ccc(cc2)c3ccccc3)N[C@H]4C5C[C@]6(CC4CC(C5)C6)C(=O)N)C,0,[0 0 0 ... 0 0 0]
918,C[C@@H](c1ccccc1F)NC2=NS(=O)(=O)[C@H](C(O2)(C)C)Cc3ccc(cc3)C4CCN(CC4)C5COC5,1,[0 1 0 ... 0 0 0]
862,c1cc2c(cc1)N(CCN2c3ncc(cc3)N4CCN(CC4)CCCO)C(=O)N[C@H]5C6C[C@]7(CC5CC(C6)C7)C(=O)N,1,[0 0 0 ... 0 0 0]
104,c1cc2c(cc1)N(CCC2)C(=O)N3C4C[C@@H](CC3CC4)c5ncccc5,1,[0 0 0 ... 0 0 0]
915,CS(=O)(=O)N1CCC(CC1)Oc2ccc(cc2)N3CCN(c4c3cccc4)C(=O)N5CCC(C5)c6c[nH]nc6,1,[0 0 0 ... 0 0 0]
775,CC(OC(=O)N1CCN(CC1)c2cnc(cc2)N3c4c(cccc4)N(CC3)C(=O)N[C@H]5C6C[C@]7(CC5CC(C6)C7)O)(C)C,1,[0 0 0 ... 0 0 0]
523,CS(=O)(=O)N1CCN(CC1)c2ccc(cc2)OC[C@]3(CC4N(C(C3)CC4)C(=O)N5CC(CC5)c6cn[nH]c6)O,1,[0 0 0 ... 0 0 0]
577,CS(=O)(=O)N1CCN(CC1)[C@H]2CC[C@@H](CC2)N3c4c(cccc4)N(CC3)C(=O)N[C@H]5C6C[C@]7(CC5CC(C6)C7)O,0,[0 0 0 ... 0 0 0]
368,C[C@@H](c1ccccc1F)NC2=NS(=O)(=O)C(C(O2)(C)C)Cc3ccc(cc3)C4CCN(CC4)CCO,1,[0 1 0 ... 0 0 0]
823,C[C@@H](c1ccccc1F)NC2=NS(=O)(=O)C(C(O2)(C)C)Cc3ccc(nc3)C4CCN(CC4)C5COC5,1,[0 1 0 ... 0 0 0]
779,c1ccc2c(c1)N(CCN2C(=O)NC3CCS(=O)(=O)C3)c4ccc(cc4)c5ccccn5,0,[0 0 0 ... 0 0 0]
1180,CC1([C@H](S(=O)(=O)N=C(O1)NC23CC4CC2CC(C4)(C3)C(=O)N)c5ccc(cc5)c6ccccc6)C,1,[1 0 0 ... 0 0 0]
609,c1ccc2c(c1)NC(=O)CN2C(=O)N3CCC(C3)c4cccnc4,0,[0 0 0 ... 0 0 0]
683,c1cc(cnc1)C2CCN(C2)C(=O)N3CCN(CC3)Cc4ccc(cc4)C#N,0,[0 0 0 ... 0 0 0]
173,c1ccc2c(c1)N(CCN2C(=O)N3CCC(C3)c4c[nH]nc4)C5CCNCC5,0,[0 0 0 ... 0 0 0]
1387,CN(C)C(=O)C[C@@H](c1ccccc1)NC2=NS(=O)(=O)[C@@H]3CCCC[C@@H]3O2,0,[0 1 0 ... 0 0 0]
848,CCOC(=O)COC1CCN(CC1)c2cnc(cc2)N3c4c(cccc4)N(CC3)C(=O)N[C@H]5C6C[C@]7(CC5CC(C6)C7)C(=O)N,1,[0 0 0 ... 0 0 0]
835,c1ccc2c(c1)C3(CC3)CCN2C(=O)N4CCC(C4)c5c[nH]nc5,1,[0 0 0 ... 0 0 0]
711,C[C@@H](c1ccccc1F)NC2=NS(=O)(=O)C(C(O2)(C)C)Cc3ccc(cc3)C4CCNCC4,1,[0 1 0 ... 0 0 0]
522,CC1(C(S(=O)(=O)N=C(O1)N[C@@H](CCO)c2ccccc2F)c3ccc(cc3)C(CCN(C)C)(F)F)C,1,[0 1 0 ... 0 0 0]
1068,Cc1ccc(cc1)C2C(OC(=NS2(=O)=O)N[C@@H](CCO)c3ccccc3)(C)C,1,[0 1 0 ... 0 0 0]
262,C1C[C@@H]2OC(=NS(=O)(=O)[C@@H]2CC1)N3[C@H]4CC[C@@H]3CC4,0,[0 0 0 ... 1 0 0]
854,CC(C)(C)N1CCN(CC1)c2ccc(nc2)N3CCN(c4c3cccc4)C(=O)N5C[C@H]6CC[C@@H]5C6O,0,[0 0 0 ... 0 0 1]
772,CC1(CC(=NS(=O)(=O)N1Cc2ccc(cc2)Br)N[C@@H](CCO)c3ccccc3F)C,1,[0 1 0 ... 0 0 0]
180,Cc1cc(c(c(c1Cl)S(=O)(=O)NC(=O)N[C@@H]2[C@H]3CC[C@@]([C@@H]2O)(C3(C)C)C)C)Cl,0,[0 0 0 ... 1 0 0]
157,C[C@@H](c1ccccc1F)NC2=NS(=O)(=O)C(C(O2)(C)C)c3ccc(nc3)c4cccc(c4)C(=O)N,1,[0 1 0 ... 0 0 0]
150,CNC(=O)OC[C@@H](c1ccc(cc1)F)NC2=NS(=O)(=O)[C@H]3CCCC[C@H]3O2,0,[0 1 0 ... 0 0 0]
971,CCC1CCCCN1C(=O)N2CCN(c3c2cccc3)c4ccc(cn4)N5CCN(CC5)C(C)(C)C,0,[0 0 0 ... 0 0 0]
556,CC(N1CCN(CC1)c2cnc(cc2)N3c4c(cccc4)N(CC3)C(=O)N[C@H]5C6C[C@]7(CC5CC(C6)C7)NS(=O)(=O)C)(C)C,1,[0 0 0 ... 0 0 0]
209,C[C@@H](c1ccccc1F)NC2=NS(=O)(=O)C(C(O2)(C)C)Cc3ccc(cc3)N4CCN(CC4)C(C)(C)C,1,[0 1 0 ... 0 0 0]
550,c1cc2c(cc1)N(CCN2c3ncc(cc3)N4CCN(CC4)S(=O)(=O)C5CC5)C(=O)N[C@H]6C7C[C@]8(CC6CC(C7)C8)CO,1,[0 0 0 ... 0 0 0]
454,c1ccc(cc1)[C@@H](CO)NC(=O)N2CCN(c3c2cccc3)c4ccc(cc4)OCC(=O)NC5CC5,0,[0 1 0 ... 0 0 0]
769,CS(=O)(=O)N1CCN(CC1)C(=O)Cn2cc(cn2)C3CCN(C3)C(=O)N4[C@@H]5CC[C@H]4C[C@@H](C5)CO,0,[0 0 0 ... 0 0 0]
177,CS(=O)(=O)N1CCN(CC1)c2cnc(cc2)O[C@H]3CC4N(C(C3)CC4)C(=O)N[C@H]5C6C[C@]7(CC5CC(C6)C7)C(=O)N,1,[0 0 0 ... 0 0 0]
710,C[C@@H](c1ccccc1F)NC2=NS(=O)(=O)[C@@H](C(O2)(C)C)Cc3ccc(cc3)C4CNC4,1,[0 1 0 ... 0 0 0]
430,CC1C2(CC2)S(=O)(=O)N=C(O1)NC3CCCCC3,0,[0 0 1 ... 0 0 0]
1407,c1cc2c(cc1Cl)N(CCO2)C(=O)N3CCC(CC3)c4c[nH]cn4,0,[0 0 0 ... 0 0 0]
1129,CS(=O)(=O)N1CCN(CC1)c2ccc(cc2)OC[C@H]3CC4N(C(C3)CC4)C(=O)N[C@H]5C6C[C@]7(CC5CC(C6)C7)C(=O)N,1,[0 0 0 ... 0 0 0]
425,C[C@@H](c1ccccc1F)NC2=NS(=O)(=O)[C@@H](C(O2)(C)C)c3ccc(cc3)c4cccc(c4)CN(C)C,1,[0 1 0 ... 0 0 0]
237,CS(=O)(=O)NC1CCN(c2c1cccc2)C(=O)N3CCC(C3)c4cccnc4,0,[0 0 0 ... 0 0 0]
410,COc1ccc(cc1)c2cnc(nc2)N3c4c(cccc4)N(CC3)C(=O)N[C@H]5C6C[C@]7(CC5CC(C6)C7)O,1,[0 0 0 ... 0 0 0]
980,C1CCC(CC1)NC(=O)NS(=O)(=O)C2=CCCCC2,0,[0 0 1 ... 0 0 0]
449,CCCCc1c(nc[nH]1)C2CCN(CC2)C(=O)N3c4ccccc4OCC3C,0,[0 0 0 ... 0 0 0]
283,CC1(C(S(=O)(=O)N=C(O1)N[C@@H](CCO)c2ccccc2F)(C)c3ccc(cc3)C(C)(C)C)C,1,[0 1 0 ... 0 0 0]
1296,CC1(C(S(=O)(=O)N=C(O1)N[C@@H](CCO)c2ccccc2F)c3ccc(cc3F)c4ccnc(c4)C#N)C,1,[0 1 0 ... 0 0 0]
1394,CC(ON=C1CCN(CC1)c2cnc(cc2)N3c4c(cccc4)N(CC3)C(=O)N[C@H]5C6C[C@]7(CC5CC(C6)C7)O)(C)C,1,[0 0 0 ... 0 0 0]
970,CC1(C(S(=O)(=O)N=C(O1)N[C@@H](CCO)c2ccccc2F)Cc3ccc(cc3)C4=CCN(CC4)C)C,1,[0 1 0 ... 0 0 0]
238,c1ccc2c(c1)CCCN2C(=O)N3CCC(CC3)c4cc([nH]n4)c5cccc(c5)C(F)(F)F,0,[0 0 0 ... 0 0 0]
118,c1ccc2c(c1)N(CCO2)C(=O)N3CCC(C3)c4ccc(cc4)Cl,0,[0 0 0 ... 0 0 0]
407,c1cc2c(cc1)N(CCN2c3ncc(cn3)c4ccc(cc4)O)C(=O)N[C@H]5C6C[C@]7(CC5CC(C6)C7)O,1,[0 0 0 ... 0 0 0]
64,CCC1CCC(CC1)NC(=O)[N-]S(=O)(=O)c2ccc(cc2)CCNc3nc(cc(n3)C)C,0,[0 0 0 ... 0 0 0]
1138,CC(C1CCN(CC1)c2cnc(cc2)N3c4c(cccc4)N(CC3)C(=O)N[C@H]5C6C[C@]7(CC5CC(C6)C7)O)(C)C,1,[0 0 0 ... 0 0 0]
984,CC1(C(S(=O)(=O)N=C(O1)N[C@@H](CCO)c2ccccc2F)c3ccc(cc3F)c4ccc(c(c4)C#N)F)C,1,[0 1 0 ... 0 0 0]
981,COCCCN1CCN(CC1)c2cnc(cc2)N3c4c(cccc4)N(CC3)C(=O)N[C@H]5C6C[C@]7(CC5CC(C6)C7)O,1,[0 0 0 ... 0 0 0]
1347,CS(=O)(=O)N1CCN(CC1)c2cc(ccc2)COc3c4c(ccc3)N(CCO4)C(=O)N[C@H]5C6C[C@]7(CC5CC(C6)C7)O,1,[0 0 0 ... 0 0 0]
1277,c1ccc2c(c1)CCCN2C(=O)N3CCC(CC3)c4c[nH]nc4,1,[0 0 0 ... 0 0 0]
100,c1ccc(cc1)N2CCC3C(C2)S(=O)(=O)N=C(O3)N[C@@H](CCO)c4ccccc4F,1,[0 1 0 ... 0 0 0]
1223,CC1(C(S(=O)(=O)N=C(O1)N[C@@H](CCO)c2cccc(c2Cl)F)Cc3ccccc3)C,1,[0 1 0 ... 0 0 0]
333,Cc1ccc2c(n1)N(CCO2)C(=O)Nc3ccccc3,0,[0 0 0 ... 0 0 0]
109,CC1([C@@H](S(=O)(=O)N=C(O1)N[C@@H](CCO)c2ccccc2F)c3ccc(cc3)c4cc(c(nc4)C#N)F)C,1,[0 1 0 ... 0 0 0]
732,CC1([C@H](S(=O)(=O)N=C(O1)NC23CC4CC(C2)CC3C4)c5ccc(cc5)c6ccnc(c6)C#N)C,1,[1 0 0 ... 0 0 0]
35,c1ccc2c(c1)CCCN2C(=O)N3CCC(C3)c4cccnc4,1,[0 0 0 ... 0 0 0]
999,C[C@@]12CC[C@@H](C1(C)C)[C@H]([C@H]2O)NC(=O)NS(=O)(=O)c3cccs3,0,[0 0 0 ... 0 0 0]
222,C1CC[C@H]2[C@@H](C1)OC(=NS2(=O)=O)NC34CCC(CC3)(CC4)F,1,[0 0 0 ... 0 0 0]
127,CC1(C(S(=O)(=O)N=C(O1)N[C@@H](CCO)c2ccccc2)c3cccc(c3)c4ccccc4)C,1,[0 1 0 ... 0 0 0]
212,CC1(C(S(=O)(=O)N=C(O1)N[C@@H](CCO)c2ccccc2F)c3ccc(cc3)C(C)(C)C)C,1,[0 1 0 ... 0 0 0]
807,CC1(C(S(=O)(=O)N1C(=O)NC2CCCCC2)(C)C)C,0,[0 0 1 ... 0 0 0]
626,C1CCC(=CC1)S(=O)(=O)NC(=O)NC2CCOCC2,0,[0 0 0 ... 0 0 0]
513,CC1([C@@H](S(=O)(=O)N=C(O1)NC23CC4CC(C2)CC3C4)c5ccc(cc5)C6CCN(CC6)CCC(F)(F)F)C,1,[1 0 0 ... 0 0 0]
1142,c1cc2c(cc1)N(CCN2c3ncc(cc3)N4CCN(CC4)S(=O)(=O)C(F)F)C(=O)N[C@H]5C6C[C@]7(CC5CC(C6)C7)C(=O)N,1,[0 1 0 ... 0 0 0]
1300,c1ccc2c(c1)CCCN2C(=O)N3CCCC3c4ccccn4,0,[0 0 0 ... 0 0 0]
1199,Cn1cc(nc1)S(=O)(=O)NC(=S)NC23CC4CC(C2)CC(C4)C3,0,[0 0 0 ... 0 0 0]
1051,COc1cc(ccc1C(=O)NC2CC2)N3CCN(c4c3cccc4)C(=O)N5CCC(C5)c6c[nH]nc6,0,[0 0 0 ... 0 0 0]
1159,CC1([C@@H](S(=O)(=O)N=C(O1)N[C@]23C[C@@H]4C[C@H](C2)C[C@H]3C4)Cc5ccc(cc5)C6CCNCC6)C,1,[1 0 0 ... 0 0 0]
654,C[C@@H](c1ccccc1F)NC2=NS(=O)(=O)[C@@H](C(O2)(C)C)Cc3ccc(cc3)C4(CNC(=O)O4)CBr,1,[0 1 0 ... 0 0 0]
1265,c1ccc2c(c1)CCCN2C(=O)N3CCC(CC3)c4cc([nH]n4)c5ccco5,0,[0 0 0 ... 0 0 0]
1302,c1ccc2c(c1)N(CCO2)C(=O)N3CCC(C3)c4ccncc4,0,[0 0 0 ... 0 0 0]
759,CC(Oc1cnc(cc1)c2ccc(cc2)N3c4c(cccc4)N(CC3)C(=O)N[C@H]5C6C[C@]7(CC5CC(C6)C7)O)C,1,[0 1 0 ... 0 0 0]
695,CC1CCc2ccccc2N1C(=O)N3CCC(CC3)c4cn(cn4)CCN(C)C,0,[0 0 0 ... 0 0 0]
366,CC1([C@@H](S(=O)(=O)N=C(O1)N[C@@H](CCO)c2ccccc2F)c3ccc(cc3)c4ccnc(c4)C(=O)N)C,1,[0 1 0 ... 0 0 0]
93,CCC(C)(C)C(=O)N1CCN(c2c1cccc2)c3ccc(cn3)N4CCN(CC4)C(C)(C)C,0,[0 0 0 ... 0 0 0]
832,CS(=O)(=O)N1CCN(CC1)c2ccc(cc2)N3CCN(c4c3cccc4)C(=O)NC56CCC(CC5)(CC6)C(=O)N,0,[0 0 0 ... 0 0 0]
263,C[C@@H](c1ccccc1F)NC2=NS(=O)(=O)[C@@H](C(O2)(C)C)Cc3ccc(cc3)C4(CN(C4)C)F,1,[0 1 0 ... 0 0 0]
1272,c1cc(nc2c1sc(c2)S(=O)(=O)NC(=O)NC34CC5CC(C3)CC(C5)C4)Cl,0,[0 0 0 ... 0 0 0]
338,CC1(C(S(=O)(=O)N=C(O1)N[C@@H](CCO)c2ccccc2)c3cccc(c3)Br)C,1,[0 1 0 ... 0 0 0]
1259,CC1(CCN(c2c1cccc2)C(=O)NC3C4CC5CC3CC(C5)(C4)CO)C,1,[0 0 0 ... 0 0 0]
965,CC1([C@@H]2CC[C@]1(C(=O)C2)CS(=O)(=O)NC(=O)NC34CC5CC(C3)CC(C5)C4)C,0,[0 0 0 ... 0 0 0]
179,CC1([C@@H](S(=O)(=O)N=C(O1)N[C@]23C[C@@H]4C[C@H](C2)C[C@H]3C4)Cc5ccc(cc5)C6CCN(CC6)C)C,1,[1 0 0 ... 0 0 0]
295,CC1([C@H](S(=O)(=O)N=C(O1)N[C@]23C[C@@H]4C[C@H](C2)C[C@H]3C4)Cc5ccc(cc5F)C6CN(C6)C(=O)OC(C)(C)C)C,1,[1 0 0 ... 0 0 0]
930,C1CCC2C(C1)OC(=NS2(=O)=O)NC3CCOCC3,0,[0 0 0 ... 0 0 0]
1344,CC(N1CCN(CC1)c2ccc(cc2)N3c4c(cccc4)N(CC3)C(=O)N[C@H]5C6C[C@]7(CC5CC(C6)C7)C(=O)N)(C)C,1,[0 0 0 ... 0 0 0]
498,Cc1cc(c(o1)C(F)(F)F)S(=O)(=O)NC(=O)NC23CC4CC(C2)CC(C4)C3,0,[0 0 0 ... 0 0 0]
411,COc1ccc(cc1)c2cnc(nc2)N3c4c(cccc4)N(CC3)C(=O)N[C@H]5C6C[C@@]7(CC5CC(C6)C7)O,0,[0 0 0 ... 0 0 0]
1109,Cc1ccc(nc1)c2ccc(cc2)N3CCN(c4c3cccc4)C(=O)N5CCC(C5)c6c[nH]nc6,1,[0 1 0 ... 0 0 0]
484,COc1ccc(cc1)c2cnc(nc2)N3CCN(c4c3cccc4)C(=O)NC5C6CC7CC(C6)CC5C7,1,[0 0 0 ... 0 0 0]
491,CCC1(CCCCC1)CNC(=O)NS(=O)(=O)c2ccc(cc2)C,0,[0 0 1 ... 0 0 0]
320,CC1(C(S(=O)(=O)N=C(O1)N[C@@H](CC(C)(C)O)c2ccccc2)(C)C)C,0,[0 1 0 ... 0 0 0]
995,CC(C)(C)N1CCN(CC1)c2ccc(nc2)N3CCN(c4c3cccc4)C(=O)N[C@@H]5[C@@H]6C[C@@H]7C[C@H]5C[C@@](C7)(C6)C(=O)N,1,[0 0 0 ... 0 0 0]
928,CS(=O)(=O)N1CCN(CC1)c2ccc(cc2)N3CCN(c4c3cccc4)C(=O)N(CCO)C5CCS(=O)(=O)C5,0,[0 0 0 ... 0 0 0]
101,c1cc2c(cc1)N(CCC2)C(=O)N3C4C[C@@H](CC3CC4)c5ncccc5,1,[0 0 0 ... 0 0 0]
1355,CN(C)C(=O)c1ccc2c(c1)N(CCO2)C(=O)N3CCC(C3)c4cccnc4,0,[0 0 0 ... 0 0 0]
482,CC1(C2(CC2)S(=O)(=O)N=C(O1)NC3CCCCC3)C,1,[0 0 1 ... 0 0 0]
50,c1cc(ccc1[C@H](CCO)NC2=NS(=O)(=O)[C@H]3CCCC[C@H]3O2)F,1,[0 1 0 ... 0 0 0]
867,C[C@@H](c1ccccc1F)NC2=NS(=O)(=O)C(C(O2)(C)C)Cc3ccc(nc3)C4CCN(CC4)C5CC5,1,[0 1 0 ... 0 0 0]
781,c1ccc(cc1)C2CCN(C2)C(=O)N3CCN(c4c3cccc4)c5ccc(cc5)c6ccccn6,0,[0 0 0 ... 0 0 0]
485,c1ccc2c(c1)N(CCN2C(=O)N3[C@@H]4CC[C@H]3C[C@@H](C4)CO)c5ccc(cc5)OCC(=O)NC6CC6,0,[0 0 0 ... 0 0 0]
819,c1cc2c(cc1)N(CCN2c3ccc(cc3)Oc4ncc(cn4)Br)C(=O)N[C@H]5C6C[C@]7(CC5CC(C6)C7)O,0,[0 0 0 ... 0 0 0]
1033,c1ccc2c(c1)CCCN2C(=O)N3CCC(C3)c4ccccc4C(F)(F)F,1,[0 0 0 ... 0 0 0]
748,CC1([C@@H](S(=O)(=O)N=C(O1)N[C@@H](CCO)c2ccccc2F)c3ccc(cc3)c4ccc(c(c4)F)C#N)C,1,[0 1 0 ... 0 0 0]
281,C1CC[C@@H]2[C@H](C1)OC(=NS2(=O)=O)NC(CCO)C3CCCC3,0,[0 1 0 ... 0 0 0]
777,c1cc2c(cc1)N(CCN2c3ccc(cc3)c4ncc(cc4)OCC(F)(F)F)C(=O)N[C@H]5C6C[C@]7(CC5CC(C6)C7)C(=O)N,1,[0 1 0 ... 0 0 0]
843,CC(CN1CCN(CC1)c2cnc(cc2)N3c4c(cccc4)N(CC3)C(=O)N[C@H]5C6C[C@]7(CC5CC(C6)C7)O)(C)C,1,[0 0 0 ... 0 0 0]
1357,c1ccc2c(c1)N(CCO2)C(=O)N3CCC4(C3)CCCCC4,1,[0 0 1 ... 0 0 0]
486,CS(=O)(=O)N1CCN(CC1)c2ccc(cc2)N3CCN(c4c3cccc4)C(=O)N(CCO)Cc5ccc6c(c5)OCO6,0,[0 0 0 ... 0 0 0]
541,CS(=O)(=O)N1CCN(CC1)c2ccc(cc2)N3CCN(c4c3cccc4)C(=O)N5CCCCC5CCN6CCOCC6,0,[0 0 0 ... 0 0 0]
1288,c1ccc2c(c1)CCCN2C(=O)N3CCC(CC3)c4cc([nH]n4)c5cccs5,0,[0 0 0 ... 0 0 0]
266,C[C@@H](c1ccccc1F)NC2=NS(=O)(=O)[C@H](C(O2)(C)C)c3ccc(cc3)c4cc(cnc4)C(=O)N,1,[0 1 0 ... 0 0 0]
630,CN(C)C(=O)N1CCN(c2c1cccc2)C(=O)N3CCC(C3)c4cccnc4,0,[0 0 0 ... 0 0 0]
787,C1CCC(CC1)NC2=NS(=O)(=O)[C@H]3CNCC[C@@H]3O2,0,[0 0 1 ... 0 0 0]
490,CC(C)(C)N1CCN(CC1)c2ccc(nc2)N3CCN(c4c3cccc4)C(=O)N5CCc6c(ccs6)C5,0,[0 0 0 ... 0 0 0]
633,CC(N1CCN(CC1)c2cnc(cc2)N3c4c(ccc(c4)Cl)N(CC3)C(=O)N[C@H]5C6C[C@]7(CC5CC(C6)C7)O)(C)C,1,[0 0 0 ... 0 0 0]
696,CC1([C@H](S(=O)(=O)N=C(O1)N[C@]23C[C@@H]4C[C@H](C2)C[C@H]3C4)Cc5ccc(s5)C6CCNCC6)C,1,[1 0 0 ... 0 0 0]
1389,c1ccc2c(c1)N(CCN2C(=O)N3CCC(C3)c4c[nH]nc4)c5ccc(cc5)c6ccc(cc6)Cl,0,[0 0 0 ... 0 0 0]
831,CC1([C@@H](S(=O)(=O)N=C(O1)N[C@@H](CCO)c2ccccc2F)c3ccc(cc3F)c4ccccc4)C,1,[0 1 0 ... 0 0 0]
752,c1ccc2c(c1)CCCN2C(=O)N3C[C@H]([C@@H](C3)C(=O)O)c4cccnc4,0,[0 0 0 ... 0 0 0]
731,CN(C)S(=O)(=O)c1ccc2c(c1)CCCN2C(=O)N3CCC(C3)c4cccnc4,0,[0 0 0 ... 0 0 0]
1151,CCN(CC)C(=O)CCNC1=NS(=O)(=O)[C@H]2CCCC[C@H]2O1,0,[0 0 0 ... 0 0 0]
1186,CC(C)(C)N1CCN(CC1)c2ccc(nc2)N3CCN(c4c3cccc4)C(=O)NCC(C(F)(F)F)O,0,[0 1 0 ... 0 0 0]
575,CC12CCCCC1(S(=O)(=O)N=C(O2)N[C@@H](CCO)c3ccccc3)C,1,[0 1 0 ... 0 0 0]
1106,CC1(C(S(=O)(=O)N=C(O1)N[C@H]2CCC[C@@H](C2)O)c3ccccc3)C,0,[0 0 0 ... 0 0 0]
487,CC1(C(S(=O)(=O)N=C(O1)N[C@@H](CCO)c2ccccc2F)c3cccc(c3)c4ccccc4)C,1,[0 1 0 ... 0 0 0]
130,CN(C(=O)N1CCC(CC1)CN2c3c(cccc3)N(CC2)C(=O)N[C@H]4C5C[C@@]6(CC4CC(C5)C6)O)C,0,[0 0 0 ... 0 0 0]
719,c1cc(ccc1CN2CCN(CC2)C(=O)N3CCC(C3)c4c[nH]nc4)C(=O)[O-],0,[0 0 0 ... 0 0 0]
648,CC(C)(C)N1CCN(CC1)c2ccc(nc2)N3CCN(c4c3cccc4)C(=O)/C=C/c5cccc(c5)OC,0,[0 0 0 ... 0 0 0]
73,CC(C)(C)N1CCN(CC1)c2ccc(nc2)N3CCN(c4c3cccc4)C(=O)N5CC6CCS(=O)(=O)C6C5,0,[0 0 0 ... 0 0 0]
1318,c1cc2c(cc1)N(CCN2c3ncc(cc3)N4CCC5(C(C5)(F)F)CC4)C(=O)N[C@H]6C7C[C@]8(CC6CC(C7)C8)C(=O)N,1,[0 0 0 ... 0 0 0]
1090,C[C@@H]1CN(CCN1C(=O)N2CCC(C2)c3c[nH]nc3)c4ncc(cn4)c5ccc(cc5)OC,0,[0 0 0 ... 0 0 0]
1291,c1cc2c(cc1)N(CCN2c3ncc(cc3)N4CCN(CC4)C5CC5)C(=O)N[C@H]6C7C[C@]8(CC6CC(C7)C8)C(=O)N,1,[0 0 0 ... 0 0 0]
697,c1cc(ccc1C#N)O[C@H]2C[C@H]3CC[C@@H](C2)N3C(=O)N4CCC(C4)c5c[nH]nc5,1,[0 0 0 ... 0 0 0]
386,CC(=O)NNC(=O)[C@@]12CC3[C@H](C(C1)CC(C2)C3)NC(=O)N4c5c(cccc5)N(CC4)c6ncc(cc6)N7CCN(CC7)S(=O)(=O)C8CC8,0,[0 0 0 ... 0 0 0]
1052,c1ccc(cc1)CNC2=NS(=O)(=O)[C@H]3CCCC[C@H]3O2,0,[0 0 0 ... 0 0 0]
767,CC1(C(S(=O)(=O)N=C(O1)N[C@@H](CCO)c2ccccc2F)(C)c3ccc(cc3)c4ccc(cc4)F)C,1,[0 1 0 ... 0 0 0]
1137,CCC(CC)CNC(=O)N1CCN(c2c1cccc2)c3ccc(cn3)N4CCN(CC4)C(C)(C)C,0,[0 1 0 ... 0 0 0]
434,c1cc(ccc1[C@H](CC2(CC2)O)NC3=NS(=O)(=O)C4CCCCC4O3)F,1,[0 1 0 ... 0 1 0]
920,COC(=O)N1CCC(CC1)CN2c3c(cccc3)N(CC2)C(=O)N[C@H]4C5C[C@@]6(CC4CC(C5)C6)O,0,[0 0 0 ... 0 0 0]
358,CC1(OC(=NS(=O)(=O)[C@@H]1Cc2ccc(cc2)Br)N[C@H]3C4C[C@]5(CC3CC(C4)C5)C(=O)N)C,0,[0 0 0 ... 0 0 0]
991,Cc1ccc(cc1Cl)S(=O)(=O)NC(=O)NC2CCCCCCC2,0,[0 0 1 ... 0 0 0]
1405,c1ccc2c(c1)CCCC23CCN(C3)C(=O)N4CCOc5c4cccc5,1,[0 0 0 ... 0 0 0]
699,Cc1nnc(n1C)C2CCN(CC2)C(=O)N3CCCc4c3cccc4,0,[0 0 0 ... 0 0 0]
887,CC(C)(C)N1CCN(CC1)c2ccc(nc2)N3CCN(c4c3cccc4)C(=O)N[C@H]5CCC[C@@H]5O,0,[0 0 0 ... 0 0 0]
306,C[Si](c1ccc(cc1)c2cnc(cc2)O[C@H]3CC4N(C(C3)CC4)C(=O)N[C@H]5C6C[C@]7(CC5CC(C6)C7)C(=O)N)(C)C,1,[0 0 0 ... 0 0 0]
86,CC1(C(S(=O)(=O)N=C(O1)N[C@@H](CCO)c2ccccc2)c3cccc(c3)Cc4ccccc4)C,1,[0 1 0 ... 0 0 0]
1221,CC1COc2ccccc2N1C(=O)N3CCC(CC3)c4cn(cn4)CCN5CCCCC5,0,[0 0 1 ... 0 0 0]
275,CN1CC[C@H]2[C@@H](C1)S(=O)(=O)N=C(O2)NC3CCCCC3,0,[0 0 1 ... 0 0 0]
1182,CC1([C@H](S(=O)(=O)N=C(O1)NC23CC4CC2CC(C4)(C3)C(=O)N)Cc5ccc(cc5F)Br)C,1,[1 0 0 ... 0 0 0]
421,CC1(C(S(=O)(=O)N=C(N1)NC2CCCCC2)c3ccccc3)C,0,[0 0 1 ... 0 0 0]
253,Cc1ccc(c(c1)OC)S(=O)(=O)NC(=O)N[C@@H]2[C@H]3CC[C@@]([C@@H]2O)(C3(C)C)C,1,[0 0 0 ... 0 0 0]
872,COC(=O)N[C@@]12CC3[C@H](C(C1)CC(C2)C3)NC(=O)N4c5c(cccc5)N(CC4)c6ccc(cc6)N7CCN(CC7)S(=O)(=O)C,0,[0 0 0 ... 0 0 0]
571,CC(C)(C)N1CCN(CC1)c2ccc(nc2)N3CCN(c4c3cccc4)C(=O)/C=C/c5cc(c(c(c5)F)F)F,0,[0 0 0 ... 0 0 0]
1043,c1ccc(cc1)c2nc(no2)C3CCN(CC3)C(=O)N4CCCc5c4cccc5,0,[0 0 0 ... 0 0 0]
805,c1ccc2c(c1)N(CCN2C(=O)N3CCC(CC3)CO)c4ccc(cc4)OCC(=O)NC5CC5,0,[0 0 0 ... 0 0 0]
395,CCCCCC12CCC(CC1)(CC2)NC3=NS(=O)(=O)[C@@H]4CCCC[C@@H]4O3,0,[0 0 0 ... 0 0 0]
1123,c1ccc2c(c1)CCCN2C(=O)N3CCC(C3)c4ccc(nc4)C(=O)[O-],0,[0 0 0 ... 0 0 0]
708,c1ccc2c(c1)CCCN2C(=O)N3CCC(C3)c4cnccn4,1,[0 0 0 ... 0 0 0]
213,CC1(C(S(=O)(=O)N=C(O1)N[C@@H](CC(C)(C)O)c2ccccc2Cl)(C)C)C,1,[0 1 0 ... 0 0 0]
1076,c1cc2c(cc1)N(CCN2c3ncc(cc3)N4CCN(CC4)C(=O)OCCO[N+](=O)[O-])C(=O)N[C@H]5C6C[C@]7(CC5CC(C6)C7)O,1,[0 0 0 ... 0 0 0]
644,CC1=Nc2ccccc2C13CCN(CC3)C(=O)N4CCCc5c4cccc5,1,[0 0 0 ... 0 0 0]
954,CC(C1CCN(CC1)C(=O)N2CCN(c3c2cccc3)c4ccc(cc4)OCC(=O)NC5CC5)(C(F)(F)F)O,0,[0 0 0 ... 0 0 0]
828,CC1([C@H](S(=O)(=O)N=C(O1)N[C@@H](CCO)c2ccccc2F)c3ccc(cc3)c4ccc(cc4)S(=O)(=O)C)C,1,[0 1 0 ... 0 0 0]
806,CS(=O)(=O)N1CCC(C1)N2CCN(c3c2cccc3)C(=O)N4CCC(C4)c5c[nH]nc5,0,[0 0 0 ... 0 0 0]
285,c1cc(cnc1)C2CCN(C2)C(=O)N3CCOCC3,0,[0 0 0 ... 0 0 0]
801,CC1(C(S(=O)(=O)N=C(O1)N[C@@H](CCO)c2ccccc2)c3ccccc3)C,1,[0 1 0 ... 0 0 0]
1147,COC(=O)N1CCN(CC1)C(=O)c2cccc3c2OCCN3C(=O)N4CCC(CC4)c5c[nH]nc5,0,[0 0 0 ... 0 0 0]
140,CC1COc2ccccc2N1C(=O)N3CCC(CC3)c4cn(cn4)CCN(C)C,0,[0 0 0 ... 0 0 0]
389,Cc1ccc(c(c1)S(=O)(=O)NC(=S)NC23CC4CC(C2)CC(C4)C3)C,0,[0 0 0 ... 0 0 0]
341,CC(N1CCN(CC1)c2cnc(cc2)OC[C@H]3CC4N(C(C3)CC4)C(=O)N[C@H]5C6C[C@]7(CC5CC(C6)C7)C(=O)N)(C)C,1,[0 0 0 ... 0 0 0]
520,c1cc2c(cc1)N(CCN2c3ccc(cc3)c4ncc(cc4)CO)C(=O)N[C@H]5C6C[C@]7(CC5CC(C6)C7)C(=O)N,1,[0 1 0 ... 0 0 0]
1002,c1ccc(c(c1)F)S(=O)(=O)NC(=S)NC23CC4CC(C2)CC(C4)C3,0,[0 0 0 ... 0 0 0]
363,CC1(C(S(=O)(=O)N=C(O1)N[C@@H](CCO)c2ccccc2F)c3ccc(cc3)C(CCN4CCCC4)(F)F)C,1,[0 1 0 ... 0 0 0]
702,CC1([C@@H](S(=O)(=O)N=C(O1)NC23CC4CC2CC(C4)(C3)C(=O)N)c5ccc(cc5)C6CCN(CC6)CCC(F)(F)F)C,1,[1 0 0 ... 0 0 0]
1170,CS(=O)(=O)N1CCN(CC1)c2cnc(cc2)OC[C@H]3CC4N(C(C3)CC4)C(=O)N[C@H]5C6C[C@]7(CC5CC(C6)C7)C(=O)N,1,[0 0 0 ... 0 0 0]
689,c1ccc2c(c1)NCCN2C(=O)N3CCC(C3)c4c[nH]nc4,1,[0 0 0 ... 0 0 0]
534,CC(=O)NCc1cccc(c1)N2CCN(CC2)C(=O)N3CCC(C3)c4c[nH]nc4,0,[0 0 0 ... 0 0 0]
274,c1ccc2c(c1)CCCN2C(=O)N3C[C@H](C[C@H]3CO)c4cccnc4,0,[0 0 0 ... 0 0 0]
269,CC1(C(S(=O)(=O)N=C(O1)N[C@@H](CCO)c2ccccc2F)c3ccc(c(c3)F)c4ccc(c(c4)F)S(=O)(=O)C)C,1,[0 1 0 ... 0 0 0]
751,CC1(C(S(=O)(=O)N=C(O1)N[C@@H](CCO)c2ccc(cc2F)F)c3ccc(cc3)c4ccccc4)C,1,[0 1 0 ... 0 0 0]
713,CCS(=O)(=O)N1CCN(CC1)c2ncc(cc2)N3c4c(cccc4)N(CC3)C(=O)N[C@H]5C6C[C@]7(CC5CC(C6)C7)C(=O)N,1,[0 0 0 ... 0 0 0]
846,c1ccc2c(c1)CCCN2C(=O)N3CCC(CC3)c4cnc(o4)CN5CCOCC5,0,[0 0 0 ... 0 0 0]
686,c1cc(cnc1)C2CCN(C2)C(=O)N3CCOc4c3cc(cc4)C(=O)N,0,[0 0 0 ... 0 0 0]
1152,CCN(CC)C(=O)CCNC1=NS(=O)(=O)[C@@H]2CCCC[C@@H]2O1,0,[0 0 0 ... 0 0 0]
544,CC1(C(S(=O)(=O)N=C(O1)N[C@@H](CCO)c2ccccc2F)Cc3ccc(cc3)C4CCN(CC4)C)C,1,[0 1 0 ... 0 0 0]
517,Cc1c(c(on1)C)CCNC(=O)N2CCN(c3c2cccc3)c4ccc(cn4)N5CCN(CC5)C(C)(C)C,0,[0 0 0 ... 0 0 0]
821,CC1(C(S(=O)(=O)N=C(O1)N[C@@H](CCO)c2ccccc2)c3cccc(c3)O)C,1,[0 1 0 ... 0 0 0]
690,c1cc2c(cc1)N(CCN2c3ncc(cc3)N4CCN(CC4)S(=O)(=O)C5CC5)C(=O)N[C@H]6C7C[C@]8(CC6CC(C7)C8)CN,1,[0 0 0 ... 0 0 0]
172,c1ccc(cc1)c2ccc(cc2)C3C4(COC4)OC(=NS3(=O)=O)N[C@@H](CCO)c5ccccc5F,0,[0 1 0 ... 0 0 0]
798,CC(OC(=O)N[C@H](Cc1c(cc(c(c1)F)F)F)CCN2CCN(CC2)c3cnc(cc3)N4c5c(cccc5)N(CC4)C(=O)N[C@H]6C7C[C@]8(CC6CC(C7)C8)C(=O)N)(C)C,1,[0 1 0 ... 0 0 0]
1197,c1cc2c(cc1)N(CCN2c3ncc(cc3)N4CCN(CC4)C(=O)OCCO[N+](=O)[O-])C(=O)N[C@H]5C6C[C@]7(CC5CC(C6)C7)C(=O)N,1,[0 0 0 ... 0 0 0]
553,C1CCC2C(C1)OC(=NS2(=O)=O)NCC34CC5CC(C3)CC(C5)C4,1,[0 0 0 ... 0 0 0]
1065,c1ccc(cc1)[C@@H](COC(=O)N)NC2=NS(=O)(=O)[C@H]3CCCC[C@H]3O2,0,[0 1 0 ... 0 0 0]
760,CC1(C(S(=O)(=O)N=C(O1)N[C@@H](CCO)c2ccccc2F)(C)c3ccccc3)C,1,[0 1 0 ... 0 0 0]
66,CC1(C(S(=O)(=O)N=C(O1)N[C@@H](CCO)c2ccccc2)(C)C)C,1,[0 1 0 ... 0 0 0]
443,CC(C)(C)CCNC(=O)N1CCN(c2c1cccc2)c3ccc(cn3)N4CCN(CC4)C(C)(C)C,0,[0 0 0 ... 0 0 0]
1149,Cc1nc(cs1)c2ccc(s2)S(=O)(=O)NC(=S)NC34CC5CC(C3)CC(C5)C4,0,[0 0 0 ... 0 0 0]
897,CC(C)(C)N1CCN(CC1)c2ccc(nc2)N3CCN(c4c3cccc4)C(=O)/C=C/c5ccc(c(c5)Cl)Cl,0,[0 0 0 ... 0 0 0]
230,CC1([C@@H](S(=O)(=O)N=C(O1)N[C@@H](CCO)c2ccccc2F)c3ccc(cc3)c4ccc(cc4)C#N)C,1,[0 1 0 ... 0 0 0]
536,CC1([C@H](S(=O)(=O)N=C(O1)N[C@@H](CCO)c2ccccc2F)c3ccc(cc3)C4CCN(CC4)CCC(F)(F)F)C,1,[0 1 0 ... 0 0 0]
896,CC1(C(S(=O)(=O)N=C(O1)N[C@@H](CCO)c2ccccc2F)Cc3ccc(cc3)C4=CCNCC4)C,1,[0 1 0 ... 0 0 0]
926,c1ccc(cc1)C2CCN(C2)C(=O)N3CCCc4c3cccc4,1,[0 0 0 ... 0 0 0]
391,CC(C)(C)N1CCN(CC1)c2ccc(nc2)N3CCN(c4c3cccc4)C(=O)Nc5cccc(c5)NC(=O)C6CC6,0,[0 0 0 ... 0 0 0]
45,c1ccc(c(c1)[C@H](CCO)NC2=NS(=O)(=O)N(C3(C2)CC3)Cc4ccc(cc4)Br)F,1,[0 1 0 ... 0 0 0]
606,c1ccc2c(c1)CCCN2C(=O)N3CCC(C3)c4cc(cnc4)C(F)(F)F,0,[0 0 0 ... 0 0 0]
69,C[C@@]12CC[C@@H](C1(C)C)[C@H]([C@H]2O)NC(=O)NS(=O)(=O)c3cccc(c3)OC(F)F,0,[0 1 0 ... 0 0 0]
103,c1cc2c(cc1)N(CCC2)C(=O)N3C4C[C@@H](CC3CC4)c5ncccc5,1,[0 0 0 ... 0 0 0]
148,c1cc2c(cc1)N(CCN2c3ccc(cc3)N4CCN(CC4)S(=O)(=O)C5CCNCC5)C(=O)N[C@H]6C7C[C@]8(CC6CC(C7)C8)C(=O)N,1,[0 0 0 ... 0 0 0]
1015,c1cc(ccc1C(CS(=O)(=O)N)NC2=NS(=O)(=O)[C@@H]3CCCC[C@@H]3O2)F,1,[0 1 0 ... 0 0 0]
1025,CC1(C(S(=O)(=O)N=C(O1)N[C@@H](CCO)c2ccccc2F)c3ccc(cc3)c4ccccc4C#N)C,1,[0 1 0 ... 0 0 0]
892,CS(=O)(=O)N1CCN(CC1)c2ccc(cc2)OC[C@]3(CC4N(C(C3)CC4)C(=O)N[C@H]5C6C[C@]7(CC5CC(C6)C7)O)O,0,[0 0 0 ... 0 0 0]
1280,CCN(CCS(=O)(=O)N1CCN(CC1)c2ccc(cc2)N3c4c(cccc4)N(CC3)C(=O)N[C@H]5C6C[C@]7(CC5CC(C6)C7)C(=O)N)CC,1,[0 0 0 ... 0 0 0]
1136,c1ccc2c(c1)CCCN2C(=O)N3C4CCC3C=C(C4)c5ccc6c(c5)CCO6,0,[0 0 0 ... 0 0 0]
18,CC1(C(S(=O)(=O)N=C(O1)N[C@@H](CCO)c2ccccc2F)c3ccc(cc3)c4cncnc4)C,1,[0 1 0 ... 0 0 0]
1012,CC1(C(S(=O)(=O)N=C(O1)N[C@@H](CCO)c2ccccc2)c3ccc(cc3)OC)C,1,[0 1 0 ... 0 0 0]
1046,CC1CC(CN(C1)C(=O)N2CCN(c3c2cccc3)c4ccc(cn4)N5CCN(CC5)C(C)(C)C)C,0,[0 0 0 ... 0 0 0]
818,CC1(C2(CC2)S(=O)(=O)N=C(O1)NC34CCC(CC3)(CC4)Cl)C,0,[0 0 0 ... 0 0 0]
247,Cc1ccc2n1CCN(C2C)C(=O)N3CCN(c4c3cccc4)c5ccc(cn5)N6CCN(CC6)C(C)(C)C,0,[0 0 0 ... 0 0 0]
875,CC1(C(S(=O)(=O)N=C(O1)NC2CCCCC2)c3cccc(c3)c4cncnc4)C,0,[0 0 1 ... 0 0 0]
705,CC1(C(S(=O)(=O)N=C(O1)NC23CCC(CC2)CC3)(C)C)C,1,[1 0 0 ... 0 0 0]
154,CC1([C@H](S(=O)(=O)N=C(O1)NC23CC4CC2CC(C4)(C3)C(=O)N)Cc5ccccc5)C,1,[1 0 0 ... 0 0 0]
987,CC1COc2ccccc2N1C(=O)N3CCC(CC3)c4cn(cn4)CCC(=O)O,0,[0 0 0 ... 0 0 0]
142,c1cc2c(cc1)OCCN2C(=O)N[C@H]3C4C[C@]5(CC3CC(C4)C5)O,1,[0 0 0 ... 0 0 0]
518,c1ccc2c(c1)C(CCN2C(=O)N3CCC(C3)c4cnn(c4)C(F)F)O,0,[0 1 0 ... 0 0 0]
1176,C1C[C@@H]2OC(=NS(=O)(=O)[C@@H]2CC1)N[C@H]3CC[C@@H](CC3)O,0,[0 0 0 ... 0 0 0]
529,c1ccc2c(c1)N(CCN2C(=O)N3CCC(C3)c4c[nH]nc4)c5cccc(c5)C(=O)NC6CCS(=O)(=O)C6,1,[0 0 0 ... 0 0 0]
240,COC(=O)C1(CCC1)N2CCN(CC2)c3cnc(cc3)N4c5c(cccc5)N(CC4)C(=O)N[C@H]6C7C[C@]8(CC6CC(C7)C8)C(=O)N,1,[0 0 0 ... 0 0 0]
1351,CC(C)N1CCN(CC1)C(=O)c2ccc(nc2)c3ccc(cc3)N4CCN(c5c4cccc5)C(=O)N6CCC(C6)c7c[nH]nc7,1,[0 1 0 ... 0 0 0]
622,c1ccc(cc1)C(CS(=O)(=O)N)NC2=NS(=O)(=O)[C@@H]3CCCC[C@@H]3O2,1,[0 1 0 ... 0 0 0]
1063,CC1([C@H](S(=O)(=O)N=C(O1)N[C@@H](CCO)c2ccccc2F)c3ccc(cc3)Br)C,1,[0 1 0 ... 0 0 0]
206,C[C@]1(C(OC(=NS1(=O)=O)N[C@@H](CCO)c2ccccc2F)(C)C)c3cccc(c3)N4CCCC4,1,[0 1 0 ... 0 0 0]
1342,Cn1c(ccc1C(=O)OC)S(=O)(=O)NC(=O)N[C@@]23C[C@H]4C[C@@H](C2)C[C@@H](C3)C4,0,[0 0 0 ... 0 0 0]
762,c1cc2c(cc1)N(CCN2c3ncc(cc3)N4CCN(CC4)S(=O)(=O)C5CCC5)C(=O)N[C@H]6C7C[C@]8(CC6CC(C7)C8)O,1,[0 0 0 ... 0 0 0]
531,c1cc(cnc1)C2CCN(CC2)C(=O)N3CCOc4c3cc(cc4)F,0,[0 0 0 ... 0 0 0]
74,CS(=O)(=O)c1ccc(nc1)c2ccc(cc2)N3CCN(c4c3cccc4)C(=O)N5CCC(C5)c6c[nH]nc6,1,[0 1 0 ... 0 0 0]
1341,C[C@@H](C1CCCCC1)NC(=O)NS(=O)(=O)C2=CCCCC2,0,[0 1 1 ... 0 0 0]
641,c1cc2c(cc1F)OCCN2C(=O)N3CCC(CC3)c4c[nH]cn4,0,[0 0 0 ... 0 0 0]
764,CC12CCCCC1(S(=O)(=O)N=C(O2)N[C@@H](CCO)c3cccnc3)C,1,[0 1 0 ... 0 0 0]
535,CC1([C@@H](S(=O)(=O)N=C(O1)N[C@@H](CCO)c2ccccc2F)c3ccc(cc3)C4CCN(CC4)CCC(F)(F)F)C,1,[0 1 0 ... 0 0 0]
1299,c1cc2c(cc1)N(CCN2c3ccc(cc3)N4CCN(CC4)S(=O)(=O)CCN)C(=O)N[C@H]5C6C[C@]7(CC5CC(C6)C7)C(=O)N,1,[0 0 0 ... 0 0 0]
783,CN(C)C(=O)[C@@H]1CN(C[C@H]1c2cccnc2)C(=O)N3CCCc4c3cccc4,0,[0 0 0 ... 0 0 0]
124,COc1ccc(cn1)C2CCN(C2)C(=O)N3CCCc4c3cccc4,0,[0 0 0 ... 0 0 0]
309,C[Si]1(CCN(CC1)c2cnc(cc2)N3c4c(cccc4)N(CC3)C(=O)N[C@H]5C6C[C@]7(CC5CC(C6)C7)C(=O)N)C,1,[0 0 0 ... 0 0 0]
42,c1cc2c(cc1)N(CCN2c3ncc(cc3)N4CCC(CC4)C(F)(F)F)C(=O)N[C@H]5C6C[C@]7(CC5CC(C6)C7)C(=O)N,1,[0 0 0 ... 0 0 0]
685,C[C@@H]1CN(CCN1C(=O)N2CCC(CC2)c3c[nH]nc3)c4ncc(cn4)c5ccc(cc5)OC,0,[0 0 0 ... 0 0 0]
1218,c1cc2c(cc1)N(CCN2c3ccc(cc3)N4CCN(CC4)C(=O)CN)C(=O)N[C@H]5C6C[C@]7(CC5CC(C6)C7)C(=O)N,1,[0 0 0 ... 0 0 0]
1328,CC1(C(S(=O)(=O)N=C(O1)N[C@@H](CCO)c2ccccc2F)c3ccc(cc3)N4C(=O)c5ccccc5C4=O)C,1,[0 1 0 ... 0 0 0]
1365,c1ccc(cc1)C(CNC2=NS(=O)(=O)[C@@H]3CCCC[C@@H]3O2)S(=O)(=O)N,0,[0 1 0 ... 0 0 0]
891,c1ccc2c(c1)CCCN2C(=O)C(=O)N3CCC(CC3)c4c[nH]nc4,0,[0 0 0 ... 0 0 0]
167,c1ccc2c(c1)N(CCN2C(=O)NC3C4CC5CC(C4)CC3C5)c6ccc(cc6)OCC(=O)NC7CC7,1,[0 0 0 ... 0 0 0]
881,C1CCC(CC1)S(=O)(=O)NC(=O)NC23CC4CC(C2)CC(C4)C3,1,[0 0 1 ... 0 0 0]
982,CC1(C(S(=O)(=O)N=C(O1)N[C@@H](CCO)c2ccccc2F)(C)c3cccc(c3)c4cncnc4)C,1,[0 1 0 ... 0 0 0]
466,c1ccc2c(c1)N(CCN2C(=O)N3CCC(C3)c4c[nH]nc4)c5ccc(cc5)C(c6ccc(cc6)C(=O)N7CCOCC7)O,1,[0 1 0 ... 0 0 0]
440,C[C@@H](c1ccccc1F)NC2=NS(=O)(=O)C(C(O2)(C)C)c3ccc(c(c3)Cl)c4cccc(c4)C(=O)N,1,[0 1 0 ... 0 0 0]
837,c1ccc2c(c1)N(CCO2)C(=O)N3CCC(C3)C4CCCNC4C(F)(F)F,0,[0 0 0 ... 0 0 0]
1235,CC1(C(S(=O)(=O)N=C(O1)N[C@@H](CCO)c2ccccc2)(C)c3cccc(c3)N4CCCC4)C,1,[0 1 0 ... 0 0 0]
1209,CC1([C@@H](S(=O)(=O)N=C(O1)N[C@@H](CCO)c2ccccc2F)c3ccc(cc3)c4ccc(cc4F)C#N)C,1,[0 1 0 ... 0 0 0]
1175,COC(=O)[C@@H]1C[C@@H](CN1C(=O)N2CCCc3c2cccc3)c4cccnc4,0,[0 0 0 ... 0 0 0]
249,CC1(CCN(c2c1cc(cc2)OC)C(=O)N3CCC(C3)c4c[nH]nc4)C,1,[0 0 0 ... 0 0 0]
332,c1cc2c(cc1)N(CCN2C3CCC(CC3)NCC(=O)N4CCOCC4)C(=O)N[C@H]5C6C[C@]7(CC5CC(C6)C7)O,0,[0 1 0 ... 0 0 0]
1105,CC1(C(S(=O)(=O)N=C(O1)N[C@@H]2CCC[C@H](C2)O)c3ccccc3)C,0,[0 0 0 ... 0 0 0]
336,CC1(C(S(=O)(=O)N=C(O1)NC2CCCCC2)(C)C)C,1,[0 0 1 ... 0 0 0]
236,c1ccc2c(c1)CCCC23CCN(C3)C(=O)N4CCCc5c4cccc5,1,[0 0 0 ... 0 0 0]
398,CS(=O)(=O)N1CCN(CC1)c2ccc(cc2)N3c4c(cccc4)N(CC3)C(=O)N[C@H]5C6C[C@@]7(CC5CC(C6)C7)C(=O)N,0,[0 0 0 ... 0 0 0]
993,CC(C)(C)N1CCN(CC1)c2ccc(nc2)N3CCN(c4c3cccc4)C(=O)N[C@@H]5[C@@H]6C[C@@H]7C[C@H]5C[C@@](C7)(C6)C(=O)N,1,[0 0 0 ... 0 0 0]
932,c1ccc2c(c1)N(CCN2C(=O)NC3C4CC5CC(C4)CC3C5)c6ccc(cc6)OCc7ncccn7,0,[0 0 0 ... 0 0 0]
98,C[C@@H](c1ccccc1F)NC2=NS(=O)(=O)C(C(O2)(C)C)c3ccc(cc3)c4ccc5c(c4)CNC5=O,1,[0 1 0 ... 0 0 0]
1292,CC1(C(S(=O)(=O)N=C(O1)N[C@@H](CS(=O)(=O)N)c2ccc(cc2)F)(C)C)C,1,[0 1 0 ... 0 0 0]
1013,c1cc2c(cc1)N(CCN2c3ncc(cc3)N4CCN(CC4)C(=O)C[C@H](N)Cc5c(cc(c(c5)F)F)F)C(=O)N[C@H]6C7C[C@]8(CC6CC(C7)C8)C(=O)N,1,[0 1 0 ... 0 0 0]
257,CC1(C(S(=O)(=O)N=C(O1)N[C@@H](CCO)c2ccccc2F)c3ccc(cc3F)c4ccc(cc4)C#N)C,1,[0 1 0 ... 0 0 0]
1116,c1cc2c(cc1)N(CCN2c3ncc(cc3)N4CCN(CC4)S(=O)(=O)C5CC5)C(=O)N[C@H]6C7C[C@]8(CC6CC(C7)C8)O,1,[0 0 0 ... 0 0 0]
842,C[C@@H](c1ccccc1F)NC2=NS(=O)(=O)C(C(O2)(C)C)c3ccc(cc3)c4cnc(nc4)N5CCNCC5,1,[0 1 0 ... 0 0 0]
1064,COC(=O)C12CC3CC(C1)C(C(C3)C2)NC(=O)N4CCN(c5c4cccc5)c6ccc(cc6)N7CCN(CC7)S(=O)(=O)C,0,[0 0 0 ... 0 0 0]
1337,CS(=O)(=O)N1CCN(CC1)c2cnc(cc2)N3c4c(cccc4)N(CC3)C(=O)N[C@H]5C6C[C@]7(CC5CC(C6)C7)O,1,[0 0 0 ... 0 0 0]
4,CS(=O)(=O)N1CCN(CC1)c2cc(c(cc2)Cc3c4c(ccc3)N(CCO4)C(=O)N[C@H]5C6C[C@]7(CC5CC(C6)C7)O)O,1,[0 0 0 ... 0 0 0]
65,C[C@@H](c1ccccc1F)NC2=NS(=O)(=O)C(C(O2)(C)C)c3ccc(cc3)Nc4ccccn4,1,[0 1 0 ... 0 0 0]
747,CC1([C@@H](S(=O)(=O)N=C(O1)N[C@@H](CCO)c2ccccc2F)c3ccc(cc3)c4ccc(c(c4)F)S(=O)(=O)C)C,1,[0 1 0 ... 0 0 0]
155,C[C@@H](c1ccccc1F)NC2=NS(=O)(=O)C(C(O2)(C)C)c3ccc(nc3)c4cccc(c4)C(=O)N,1,[0 1 0 ... 0 0 0]
532,c1cc(cnc1)C(CCCN)NC2=NS(=O)(=O)[C@@H]3CCCC[C@@H]3O2,0,[0 1 0 ... 0 0 0]
409,c1cc2c(cc1)N(CCN2c3ncc(cc3)N4CCC(CC4)N5CCCC5)C(=O)N[C@H]6C7C[C@]8(CC6CC(C7)C8)O,1,[0 0 0 ... 0 0 0]
929,C[C@@]12CC[C@@H](C1(C)C)[C@H]([C@H]2O)NC(=O)NS(=O)(=O)c3cccc(c3)Cl,0,[0 0 0 ... 0 0 0]
268,c1ccc2cc(ccc2c1)C3=CC4CCC(C3)N4C(=O)N5CCCc6c5cccc6,0,[0 0 0 ... 0 0 0]
885,CC(=O)Nc1ccc(cc1OC)NC(=O)N2CCN(c3c2cccc3)c4ccc(cn4)N5CCN(CC5)C(C)(C)C,0,[0 0 0 ... 0 0 0]
252,CC(C)CCNC(=O)N1CCN(c2c1cccc2)c3ccc(cn3)N4CCN(CC4)C(C)(C)C,0,[0 1 0 ... 0 0 0]
1018,c1ccc2c(c1)CCCN2C(=O)C(=O)N3CCC(C3)c4cccnc4,0,[0 0 0 ... 0 0 0]
1035,CCN1CC(C1)(c2ccc(cc2)CC3C(OC(=NS3(=O)=O)N[C@@H](C)c4ccccc4F)(C)C)F,1,[0 1 0 ... 0 0 0]
10,c1cc(cc(c1)F)[C@H](CCO)NC2=NS(=O)(=O)[C@@H]3CCCC[C@@H]3O2,1,[0 1 0 ... 0 0 0]
905,C1CCC(CC1)NC2=NS(=O)(=O)[C@@H]3COCC[C@H]3O2,0,[0 0 1 ... 0 0 0]
447,c1ccc2c(c1)N(CCO2)C(=O)N3CCC(C3)C4=NNC(=O)C4,0,[0 0 0 ... 0 0 0]
169,CC1(C(S(=O)(=O)N=C(O1)N[C@@H](CCO)c2ccccc2F)Cc3cccc4c3cccc4)C,1,[0 1 0 ... 0 0 0]
1110,CS(=O)(=O)N1CCN(CC1)Cc2nc(no2)N3CCN(c4c3cccc4)C(=O)N5CCC(C5)c6c[nH]nc6,0,[0 0 0 ... 0 0 0]
1036,CC1(C(S(=O)(=O)N=C(O1)N[C@@H](CCO)c2ccccc2F)c3ccc(cc3F)c4ccc(cc4)S(=O)(=O)C)C,1,[0 1 0 ... 0 0 0]
396,CC(N1CCC(CC1)Oc2cnc(cc2)N3c4c(cccc4)N(CC3)C(=O)N[C@H]5C6C[C@]7(CC5CC(C6)C7)C(=O)N)(C)C,1,[0 0 0 ... 0 0 0]
13,Cc1nn(cc1S(=O)(=O)NC(=O)N[C@@]23C[C@H]4C[C@@H](C2)C[C@@H](C3)C4)C,0,[0 0 0 ... 0 0 0]
503,CC1([C@@H](S(=O)(=O)N=C(O1)N[C@@H](CCO)c2ccccc2F)c3ccc(cc3)c4ccc(cc4F)S(=O)(=O)C)C,1,[0 1 0 ... 0 0 0]
870,c1ccc(cc1)[C@H](CC(=O)N)NC2=NS(=O)(=O)[C@@H]3CCCC[C@@H]3O2,0,[0 1 0 ... 0 0 0]
646,COc1ccnc(n1)Oc2ccc(cc2)N3CCN(c4c3cccc4)C(=O)N5CCC(C5)c6c[nH]nc6,1,[0 0 0 ... 0 0 0]
599,CC1(C(S(=O)(=O)N=C(O1)N[C@@H](CCO)c2ccccc2F)c3cccnc3)C,1,[0 1 0 ... 0 0 0]
476,c1c(c(sc1S(=O)(=O)NC(=S)NC23CC4CC(C2)CC(C4)C3)Br)Br,0,[0 0 0 ... 0 0 0]
789,CC1([C@@H](S(=O)(=O)N=C(O1)N[C@@H](CCO)c2ccccc2F)c3ccc(cc3)c4cc(ccc4F)C#N)C,1,[0 1 0 ... 0 0 0]
393,c1cc(ccc1S(=O)(=O)NC(=O)NCC2CCCCCC2)Cl,0,[0 0 1 ... 0 0 0]
1130,c1cc(ccc1F)S(=O)(=O)NC(=S)NC23CC4CC(C2)CC(C4)C3,0,[0 0 0 ... 0 0 0]
1267,CS(=O)(=O)N1CCN(CC1)c2ccc(cc2)N3c4c(cccc4)N(CC3)C(=O)N[C@H]5C6C[C@]7(CC5CC(C6)C7)N,0,[0 0 0 ... 0 0 0]
960,C[C@@H](C(C)C)NC(=O)N1CCN(c2c1cccc2)c3ccc(cn3)N4CCN(CC4)C(C)(C)C,0,[0 1 0 ... 0 0 0]
1258,CC1([C@H](S(=O)(=O)N=C(O1)N[C@]23C[C@@H]4C[C@H](C2)C[C@H]3C4)Cc5ccc(cc5F)Br)C,1,[1 0 0 ... 0 0 0]
834,CC(C)(C)N1CCN(CC1)c2ccc(nc2)N3CCN(c4c3cccc4)C(=O)Nc5ccc(c(c5)Cl)C(=O)N,0,[0 0 0 ... 0 0 0]
458,c1cc(ccc1S(=O)(=O)NC(=S)NC23CC4CC(C2)CC(C4)C3)Br,0,[0 0 0 ... 0 0 0]
674,CC1(C2CCC1C(C2NC3=NS(=O)(=O)C4CCCCC4O3)O)C,0,[0 0 0 ... 0 0 0]
1023,CC1([C@@H](S(=O)(=O)N=C(O1)N[C@@H](CCO)c2ccccc2F)c3ccc(cc3)c4cc(cc(c4)F)C#N)C,1,[0 1 0 ... 0 0 0]
579,c1cc(c(cc1S(=O)(=O)NC(=O)NC23CC4CC(C2)CC(C4)C3)F)F,1,[0 0 0 ... 0 0 0]
552,Cc1ccccc1S(=O)(=O)NC(=S)NC23CC4CC(C2)CC(C4)C3,0,[0 0 0 ... 0 0 0]
811,c1ccc2c(c1)CCCN2C(=O)N3C[C@H]([C@@H](C3)c4cccnc4)CO,0,[0 0 0 ... 0 0 0]
1276,CC(C12CC3CC(C1)CC(C3)C2)NC4=NS(=O)(=O)C5CCCCC5O4,0,[0 1 0 ... 0 0 0]
439,c1cc2c(cc1)N(CCN2c3ncc(cn3)c4ccc(cc4)OC5CCNCC5)C(=O)N[C@H]6C7C[C@]8(CC6CC(C7)C8)C(=O)N,1,[0 0 0 ... 0 0 0]
792,c1cc2c(cc1)N(CCN2c3ncc(cc3)N4CCN(CC4)S(=O)(=O)C5CC5)C(=O)N[C@H]6C7C[C@]8(CC6CC(C7)C8)CC(=O)N,1,[0 0 0 ... 0 0 0]
1119,C[C@H](c1ccccc1)NC(=O)N2CCN(c3c2cccc3)c4ccc(cn4)N5CCN(CC5)C(C)(C)C,0,[0 1 0 ... 0 0 0]
1254,Cc1oc(nn1)[C@@]23CC4[C@H](C(C2)CC(C3)C4)NC(=O)N5c6c(cccc6)N(CC5)c7ncc(cc7)N8CCN(CC8)S(=O)(=O)C9CC9,0,[0 0 0 ... 0 0 0]
937,CC1([C@H](S(=O)(=O)N=C(O1)N[C@@H](CCO)c2ccccc2F)c3ccc(cc3)c4ccc(cc4)C(=O)N)C,1,[0 1 0 ... 0 0 0]
651,C[C@@H](c1ccccc1F)NC2=NS(=O)(=O)C(C(O2)(C)C)c3cccc(c3)C(=O)Nc4ccccn4,1,[0 1 0 ... 0 0 0]
187,CC1(C(S(=O)(=O)N=C(O1)N[C@@H](CCO)c2ccccc2F)c3ccc(c(c3)F)c4cc(c(nc4)C#N)F)C,1,[0 1 0 ... 0 0 0]
344,C[C@@]12CC[C@@H](C1(C)C)[C@H]([C@H]2O)NC(=O)NS(=O)(=O)c3ccccc3OC(F)(F)F,0,[0 0 0 ... 0 0 0]
667,C[C@@H](c1ccccc1F)NC2=NS(=O)(=O)C(C(O2)(C)C)Cc3ccc(cc3)C4(CN(C4)C(C)C)F,1,[0 1 0 ... 0 0 0]
1330,c1ccc2c(c1)CCCC23CCN(C3)C(=O)N4CCNc5c4cccc5,1,[0 0 0 ... 0 0 0]
1233,CC1(C(S(=O)(=O)N=C(O1)N[C@@H](CCO)c2ccccc2F)c3ccc(c(c3)F)c4cccc(c4)C(=O)N)C,1,[0 1 0 ... 0 0 0]
753,c1ccc2c(c1)CCCC23CCN(C3)C(=O)N4CCOc5c4cc(cc5)Cl,1,[0 0 0 ... 0 0 0]
740,CN(C(=O)N1CCN(CC1)c2ccc(cc2)N3c4c(cccc4)N(CC3)C(=O)N[C@H]5C6C[C@]7(CC5CC(C6)C7)O)C,1,[0 0 0 ... 0 0 0]
1271,C1CCC(C(C1)S(=O)(=O)NC(=O)NCC23CC4CC(C2)CC(C4)C3)Cl,1,[0 0 0 ... 0 0 0]
1289,Cc1ccc(c(c1)OC)S(=O)(=O)NC(=S)NC23CC4CC(C2)CC(C4)C3,0,[0 0 0 ... 0 0 0]
384,CC1CCC(CC1)NC(=O)NS(=O)(=O)c2ccc(cc2)CC(C)Nc3nc4ccccc4o3,0,[0 1 0 ... 0 0 0]
176,c1cc(cnc1)C2CCN(CC2)C(=O)N3CCOc4c3ccc(c4)F,0,[0 0 0 ... 0 0 0]
1248,CC1(C(S(=O)(=O)N=C(O1)N[C@@H](CCO)c2ccccc2F)c3ccc(cc3)c4ccccn4)C,1,[0 1 0 ... 0 0 0]
1301,c1ccc2c(c1)CCCN2C(=O)N3CCNc4c3cccc4,0,[0 0 0 ... 0 0 0]
347,c1ccc2c(c1)CCCN2C(=O)N3CCC(CC3)c4nc(no4)c5c(cccc5Cl)Cl,0,[0 0 0 ... 0 0 0]
1171,CS(=O)(=O)N1CCN(CC1)c2cnc(cc2)OC[C@H]3CC4N(C(C3)CC4)C(=O)N[C@H]5C6C[C@]7(CC5CC(C6)C7)C(=O)N,1,[0 0 0 ... 0 0 0]
318,CC(N1CCN(CC1)c2cnc(cc2)N3c4c(cccc4)N(CC3)C(=O)N[C@H]5C6C[C@]7(CC5CC(C6)C7)C(=O)N)(C(=O)N8CCCC8)C,1,[0 0 0 ... 0 0 0]
298,C[C@@H](c1ccccc1F)NC2=NS(=O)(=O)C(C(O2)(C)C)c3ccccc3,1,[0 1 0 ... 0 0 0]
1225,CC1(C(S(=O)(=O)N=C(O1)N[C@@H](CCO)c2ccccc2F)c3ccc(cc3F)c4ccc(c(c4)F)C#N)C,1,[0 1 0 ... 0 0 0]
1189,c1ccc2c(c1)N(CCN2C(=O)N3CCC(C3)c4c[nH]nc4)CC5CCNCC5,0,[0 0 0 ... 0 0 0]
786,Cc1ccc(cc1Cl)C2C(OC(=NS2(=O)=O)N[C@@H](CCO)c3ccccc3F)(C)C,1,[0 1 0 ... 0 0 0]
5,c1c(ccc(c1)O[C@H]2C[C@H]3N([C@@H](C2)CC3)C(=O)N[C@H]4C5C[C@]6(CC4CC(C5)C6)C(=O)N)N7CCOCC7,1,[0 0 0 ... 0 0 0]
200,c1cc2c(cc1)N(CCN2c3ccc(cc3)N4CCN(CC4)S(=O)(=O)C5CCNCC5)C(=O)N[C@H]6C7C[C@]8(CC6CC(C7)C8)O,1,[0 0 0 ... 0 0 0]
27,c1cc2c(cc1)N(CCN2c3ncc(cc3)N4CCN(CC4)S(=O)(=O)C5CC5)C(=O)N[C@H]6C7C[C@]8(CC6CC(C7)C8)C(=O)N,1,[0 0 0 ... 0 0 0]
757,C[C@@H](c1ccccc1F)NC2=NS(=O)(=O)[C@H](C(O2)(C)C)c3ccc(cc3)c4cc(cc(c4)F)C(=O)N,1,[0 1 0 ... 0 0 0]
994,CC(C)(C)N1CCN(CC1)c2ccc(nc2)N3CCN(c4c3cccc4)C(=O)N[C@@H]5[C@@H]6C[C@@H]7C[C@H]5C[C@@](C7)(C6)C(=O)N,1,[0 0 0 ... 0 0 0]
907,CC1(C(S(=O)(=O)N=C(O1)N[C@@H](CCO)c2ccccc2F)c3ccc(c(c3)F)c4ccc(cc4)C#N)C,1,[0 1 0 ... 0 0 0]
791,C[C@@H](c1ccccc1)NC2=NS(=O)(=O)C(C(O2)(C)C)(C)C,1,[0 1 0 ... 0 0 0]
955,COc1ccc(cc1)c2cnc(nc2)N3CCN(c4c3cccc4)C(=O)N5CC[C@H](C5)c6c[nH]nc6,1,[0 0 0 ... 0 0 0]
215,CC(OCCS(=O)(=O)N1CCN(CC1)c2cnc(cc2)N3c4c(cccc4)N(CC3)C(=O)N[C@H]5C6C[C@]7(CC5CC(C6)C7)C(=O)N)C,1,[0 1 0 ... 0 0 0]
208,CC1(C2CCC1([C@@H]([C@@H]2NC(=O)NS(=O)(=O)c3ccc(cc3)F)O)C)C,0,[0 0 0 ... 0 0 0]
1375,C1CCC(CC1)NC2=NS(=O)(=O)[C@H]3CCCC[C@@H]3O2,0,[0 0 1 ... 0 0 0]
159,c1ccc2c(c1)CCCN2C(=O)N3CCC(CC3)c4cnn(c4)CC(=O)O,0,[0 0 0 ... 0 0 0]
1322,CC1(C(S(=O)(=O)N=C(O1)N[C@@H](CCO)c2ccccc2F)c3ccc(cc3F)c4cccc(c4)S(=O)(=O)C)C,1,[0 1 0 ... 0 0 0]
921,c1ccc2c(c1)CCCN2C(=O)N3CCC4(CC3)Cc5ccccc5C4,1,[0 0 0 ... 0 0 0]
175,c1cc2c(cc1)N(CCN2c3ncc(cc3)N4CCC5(C(C5)C(=O)O)CC4)C(=O)N[C@H]6C7C[C@]8(CC6CC(C7)C8)C(=O)N,1,[0 0 0 ... 0 0 0]
865,CC1(C(S(=O)(=O)N=C(O1)N[C@@H](CCO)c2ccccc2)(C)c3cccc(c3)Br)C,1,[0 1 0 ... 0 0 0]
448,c1ccc2c(c1)CCCN2C(=O)N3C4CCC3C=C(C4)c5ccccc5C#N,1,[0 0 0 ... 0 0 0]
1376,C1CCC(CC1)NC2=NS(=O)(=O)C3CCCCC3O2,1,[0 0 1 ... 0 0 0]
1348,CC1(C(S(=O)(=O)N=C(O1)NC23CCC(CC2)(CC3)F)Cc4ccccc4)C,1,[0 0 0 ... 0 0 0]
1031,Cc1c(ncc(c1)N2CCN(CC2)C(C)(C)C)N3c4c(cccc4)N(CC3)C(=O)N[C@H]5C6C[C@]7(CC5CC(C6)C7)C(=O)N,1,[0 0 0 ... 0 0 0]
501,C1CC[C@H]([C@@H](C1)CO)NC2=NS(=O)(=O)[C@@H]3CCCC[C@@H]3O2,0,[0 0 0 ... 0 0 0]
189,CC1([C@@H](S(=O)(=O)N=C(O1)N[C@@H](CCO)c2ccccc2F)Cc3ccc(cc3)C4CCN(CC4)C5CC5)C,1,[0 1 0 ... 0 0 0]
267,C[C@@H](c1ccccc1F)NC2=NS(=O)(=O)[C@@H](C(O2)(C)C)c3ccc(cc3)c4cc(cnc4)C(=O)N,1,[0 1 0 ... 0 0 0]
296,CC(N1CCN(CC1)c2cnc(cc2)N3c4c(cccc4)N(CC3)C(=O)N[C@H]5C6C[C@]7(CC5CC(C6)C7)C(=O)N)(C(=O)O)C,1,[0 0 0 ... 0 0 0]
376,CCN1CC(C1)c2ccc(c(c2)F)C[C@@H]3C(OC(=NS3(=O)=O)N[C@]45C[C@@H]6C[C@H](C4)C[C@H]5C6)(C)C,1,[1 0 0 ... 0 0 0]
246,c1ccc(cc1)c2ccc(cc2)N3CCN(c4c3cccc4)C(=O)N5CCC(C5)c6cccnc6,0,[0 0 0 ... 0 0 0]
1201,Cc1c(cccc1Cl)S(=O)(=O)NC(=O)NC2CCCCCCC2,0,[0 0 1 ... 0 0 0]
1084,CC1(C(S(=O)(=O)N=C(O1)N[C@@H](CCO)c2ccccc2F)c3ccc(cc3)c4ccncc4)C,1,[0 1 0 ... 0 0 0]
1021,c1ccc(cc1)COc2cccc3c2CCCN3C(=O)N4CCC(C4)c5c[nH]nc5,1,[0 0 0 ... 0 0 0]
28,c1cc2c(cc1)N(CCN2c3ncc(cc3)N4CCN(CC4)S(=O)(=O)C5CC5)C(=O)N[C@H]6C7C[C@]8(CC6CC(C7)C8)C(=O)N,1,[0 0 0 ... 0 0 0]
903,Cc1ccccc1c2ccc(cc2)C3(C(OC(=NS3(=O)=O)N[C@@H](CCO)c4ccccc4F)(C)C)C,1,[0 1 0 ... 0 0 0]
76,Cc1ccc2c(c1)CCCN2C(=O)N3CCC(C3)c4cccnc4,1,[0 0 0 ... 0 0 0]
48,c1cc(cnc1)C2CCN(C2)C(=O)N3CCOc4c3cc(cc4)C#N,0,[0 0 0 ... 0 0 0]
496,C[C@@]12CC[C@@H](C1(C)C)[C@H]([C@H]2O)NC(=O)NS(=O)(=O)c3cccc(c3)OC,0,[0 0 0 ... 0 0 0]
279,c1ccc2c(c1)CCCN2C(=O)N3CCC(C3)c4ccncc4,1,[0 0 0 ... 0 0 0]
804,COc1ccc(cc1)c2cnc(nc2)N3CCN(c4c3cccc4)C(=O)N5CCC(C5)c6c[nH]nc6c7ccccc7,0,[0 0 0 ... 0 0 0]
966,Cc1cc(c(s1)C)S(=O)(=O)NC(=O)N[C@@H]2[C@H]3CC[C@@]([C@@H]2O)(C3(C)C)C,0,[0 0 0 ... 0 0 0]
0,c1ccc(cc1)[C@H](CCO)NC2=NS(=O)(=O)C3COCCC3O2,0,[0 1 0 ... 0 0 0]
1140,c1ccc2c(c1)CCCN2C(=O)N3C4CCC3CC(C4)c5ccccc5F,1,[0 0 0 ... 0 0 0]
640,c1ccc2c(c1)CCCN2C(=O)N3CCC(CC3)C#N,0,[0 0 0 ... 0 0 0]
1045,c1c(cnc(c1)N2c3c(cc(c(c3)F)F)N(CC2)C(=O)N[C@H]4C5C[C@]6(CC4CC(C5)C6)C(=O)N)N7CCN(CC7)S(=O)(=O)C8CC8,1,[0 0 0 ... 0 0 0]
1385,C[C@@H](c1ccccc1F)NC2=NS(=O)(=O)C(C(O2)(C)C)(C)c3cccc(c3)c4ccccc4,1,[0 1 0 ... 0 0 0]
1294,C[C@@H](c1ccccc1F)NC2=NS(=O)(=O)C(C(O2)(C)C)(C)c3ccccc3,1,[0 1 0 ... 0 0 0]
467,CC(C)(C)N1CCN(CC1)c2ccc(nc2)N3CCN(c4c3cccc4)C(=O)NCC(c5cccs5)N6CCOCC6,0,[0 1 0 ... 0 0 0]
671,CC(CN1CCN(CC1)c2cnc(cc2)N3c4c(cccc4)N(CC3)C(=O)N[C@H]5C6C[C@]7(CC5CC(C6)C7)C(=O)N)C,1,[0 1 0 ... 0 0 0]
512,CC(S(=O)(=O)N1CCN(CC1)c2cnc(cc2)N3c4c(cccc4)N(CC3)C(=O)N[C@H]5C6C[C@]7(CC5CC(C6)C7)C(=O)N)C,1,[0 1 0 ... 0 0 0]
742,C1CCCC(CC1)NC2=NS(=O)(=O)[C@H]3CCCC[C@H]3O2,1,[0 0 1 ... 0 0 0]
1240,CC(C)(C)S(=O)(=O)NC(=O)NC12CC3CC(C1)CC(C3)C2,1,[0 0 0 ... 0 0 0]
1085,CC1(C(S(=O)(=O)N=C(O1)N[C@@H](CCOCC2CC2)c3ccccc3F)Cc4ccc(cc4)C5CCN(CC5)CC6CC6)C,1,[0 1 0 ... 0 0 0]
146,c1ccc2c(c1)N(CCN2C(=O)NC3CCCCCCC3)c4ccc(cc4)OCC(=O)NC5CC5,0,[0 0 1 ... 0 0 0]
1003,C[C@@H](c1ccccc1F)NC2=NS(=O)(=O)C(C(O2)(C)C)(C)Cc3ccc(cc3)Br,1,[0 1 0 ... 0 0 0]
1210,CC1([C@H](S(=O)(=O)N=C(O1)N[C@@H](CCO)c2ccccc2F)c3ccc(cc3)c4ccc(cc4F)C#N)C,1,[0 1 0 ... 0 0 0]
1095,CC(C)(C)N1CCN(CC1)c2ccc(nc2)N3CCN(c4c3cccc4)C(=O)Cc5cc(ccc5OC)OC,0,[0 0 0 ... 0 0 0]
827,CC1([C@@H](S(=O)(=O)N=C(O1)N[C@@H](CCO)c2ccccc2F)c3ccc(cc3)c4ccc(cc4)S(=O)(=O)C)C,1,[0 1 0 ... 0 0 0]
593,c1cc2c(cc1)N(CCN2c3ccc(cc3)N4CCC(CC4)OC5CCNCC5)C(=O)N[C@H]6C7C[C@]8(CC6CC(C7)C8)O,1,[0 0 0 ... 0 0 0]
660,CC1(C(S(=O)(=O)N=C(O1)N[C@@H](CCO)c2ccccc2F)c3ccc(c(c3)F)c4cccc(c4)C#N)C,1,[0 1 0 ... 0 0 0]
1143,c1ccc2c(c1)N(CCO2)C(=O)N3CCC(C3)c4cccnc4Cl,1,[0 0 0 ... 0 0 0]
1141,CC1(C(S(=O)(=O)N=C(O1)N[C@@H](CCO)c2ccccc2F)c3ccc(cc3)Nc4ncccn4)C,1,[0 1 0 ... 0 0 0]
16,CC(C1CCC(CC1)NC(=O)N2CCN(c3c2cccc3)c4ccc(cc4)N5CCN(CC5)S(=O)(=O)C)(C(F)(F)F)O,0,[0 0 0 ... 0 0 0]
963,C[C@@H](c1ccccc1F)NC2=NS(=O)(=O)C(C(O2)(C)C)Cc3ccc(cc3)C4CCN(CC4)C5CC5,1,[0 1 0 ... 0 0 0]
893,c1cc(ccc1F)S(=O)(=O)NC(=O)NC23CC4CC(C2)CC(C4)C3,1,[0 0 0 ... 0 0 0]
1034,CN(C)CCCNC1=NS(=O)(=O)[C@H]2CCCC[C@H]2O1,0,[0 0 0 ... 0 0 0]
521,c1ccc2c(c1)N(CCN2C(=O)NC3CCCCCC3)c4ccc(cc4)OCC(=O)NC5CC5,0,[0 0 1 ... 0 0 0]
990,CC1CCCCN1C2CN(C2)C(=O)N3CCN(c4c3cccc4)c5ccc(cn5)N6CCN(CC6)C(C)(C)C,0,[0 0 0 ... 0 0 0]
1,c1ccc(cc1)[C@H](CCO)NC2=NS(=O)(=O)C3COCCC3O2,0,[0 1 0 ... 0 0 0]
573,CS(=O)(=O)N1CCN(CC1)c2ccc(cc2)N3CCN(c4c3cccc4)C(=O)N5C[C@@H]6C[C@H]5CN6,0,[0 0 0 ... 0 0 0]
1340,C[C@H](C1CCCCC1)NC(=O)NS(=O)(=O)C2=CCCCC2,0,[0 1 1 ... 0 0 0]
838,COC(=O)N1CCN(CC1)C(=O)c2c3c(ccc2)N(CCO3)C(=O)N[C@H]4C5C[C@]6(CC4CC(C5)C6)O,0,[0 0 0 ... 0 0 0]
225,CS(=O)(=O)N1C2CN(CC1CC2)c3ccc(cc3)N4c5c(cccc5)N(CC4)C(=O)N[C@H]6C7C[C@]8(CC6CC(C7)C8)C(=O)N,1,[0 0 0 ... 0 0 0]
723,CC1([C@H](S(=O)(=O)N=C(O1)N[C@@H](CCO)c2ccccc2F)c3ccc(cc3)c4cccc(c4F)C#N)C,1,[0 1 0 ... 0 0 0]
974,C[C@@]12CC[C@@H](C1(C)C)[C@@H]([C@H]2O)NC3=NS(=O)(=O)C4CCCCC4O3,0,[0 0 0 ... 0 0 0]
455,c1ccc2c(c1)N(CCN2C(=O)N3CCC(C3)c4c[nH]nc4)CCCN5CCOCC5,0,[0 0 0 ... 0 0 0]
908,c1cc2c(cc1)N(CCN2c3ncc(cc3)N4CCN(CC4)S(=O)(=O)C5CC5)C(=O)N[C@H]6C7C[C@]8(CC6CC(C7)C8)OCC(=O)N,1,[0 0 0 ... 0 0 0]
1067,c1ccc(cc1)[C@H](COC(=O)N)NC2=NS(=O)(=O)[C@H]3CCCC[C@H]3O2,1,[0 1 0 ... 0 0 0]
77,CS(=O)(=O)N1CCN(CC1)c2ccc(cc2)N3c4c(cccc4)N(CC3)C(=O)N[C@H]5C6C[C@@]7(CC5CC(C6)C7)CO,0,[0 0 0 ... 0 0 0]
438,CC1([C@H](S(=O)(=O)N=C(O1)N[C@]23C[C@@H]4C[C@H](C2)C[C@H]3C4)Cc5ccc(s5)c6ccc(nc6)NC)C,1,[1 0 0 ... 0 0 0]
24,c1ccc(c(c1)[N+](=O)[O-])S(=O)(=O)NC(=O)NC23CC4CC(C2)CC(C4)C3,1,[0 0 0 ... 0 0 0]
853,CC1(C(S(=O)(=O)N=C(O1)N[C@@H](CCO)c2ccccc2)Cc3ccccc3)C,1,[0 1 0 ... 0 0 0]
569,CC1(C(S(=O)(=O)N=C(O1)N[C@@H](CCO)c2cc(ccc2F)Cl)c3ccc(cc3)c4ccccc4)C,1,[0 1 0 ... 0 0 0]
356,c1ccc2c(c1)/C(=N/OCC(=O)N3CCOCC3)/CCN2C(=O)N4CCC(C4)c5c[nH]nc5,0,[0 0 0 ... 0 0 0]
809,CC1(C(S(=O)(=O)N=C(O1)N[C@@H](CCO)c2ccccc2F)c3ccc(cc3)C4CCN(CC4)C5CC5)C,1,[0 1 0 ... 0 0 0]
89,COCCOC1CCN(CC1)c2cnc(cc2)N3c4c(cccc4)N(CC3)C(=O)N[C@H]5C6C[C@]7(CC5CC(C6)C7)C(=O)N,1,[0 0 0 ... 0 0 0]
1213,COc1ccc(cc1)c2cnc(nc2)O[C@H]3CC4N(C(C3)CC4)C(=O)N[C@H]5C6C[C@]7(CC5CC(C6)C7)C(=O)N,1,[0 0 0 ... 0 0 0]
516,c1ccc2c(c1)N(CCN2C(=O)N3CCC(C3)c4c[nH]nc4)c5ccc(cc5)c6ccccn6,1,[0 0 0 ... 0 0 0]
350,Cc1ccc(cc1[C@H](CCO)NC2=NS(=O)(=O)C(C(O2)(C)C)c3ccc(cc3)c4ccccc4)F,1,[0 1 0 ... 0 0 0]
190,CC1(C(S(=O)(=O)N=C(O1)N[C@@H](CCO)c2ccccc2F)c3ccc(cc3)N4CCN(CC4)CCC(F)(F)F)C,1,[0 1 0 ... 0 0 0]
1303,c1ccc2c(c1)NCCN2C(=O)N3CCC(C3)c4cnn(c4)c5ccc(nc5)C#N,0,[0 0 0 ... 0 0 0]
1408,c1cc2c(cc1)N(CCN2C(=O)C[C@H](N)Cc3c(cc(c(c3)F)F)F)C(=O)N[C@H]4C5C[C@]6(CC4CC(C5)C6)O,0,[0 1 0 ... 0 0 0]
917,c1ccc(cc1)CN2CCN(c3c2cccc3)C(=O)N4CCC(C4)c5c[nH]nc5,1,[0 0 0 ... 0 0 0]
397,CC(Oc1cnc(cc1)c2ccc(cc2)N3c4c(cccc4)N(CC3)C(=O)N[C@H]5C6C[C@]7(CC5CC(C6)C7)C(=O)N)C,1,[0 1 0 ... 0 0 0]
163,CC1([C@H](S(=O)(=O)N=C(O1)N[C@@H](CCO)c2ccccc2F)Cc3ccc(cc3)C4CCNCC4)C,1,[0 1 0 ... 0 0 0]
1174,CS(=O)(=O)N1CCN(CC1)c2ccc(cc2)OC[C@H]3CC4N(C(C3)CC4)C(=O)N5CC(CC5)c6cn[nH]c6,1,[0 0 0 ... 0 0 0]
1121,C1CCC2C(C1)OC(=NS2(=O)=O)N[C@@H]3[C@@H]4C[C@@H]5C[C@H]3C[C@@](C5)(C4)O,0,[0 0 0 ... 0 0 0]
1398,c1cc(sc1S(=O)(=O)NC(=O)NC23CC4CC(C2)CC(C4)C3)Cl,1,[0 0 0 ... 0 0 0]
321,C[C@@H](c1ccccc1F)NC2=NS(=O)(=O)C(C(O2)(C)C)(C)c3cccc(c3)N4CCCC4,1,[0 1 0 ... 0 0 0]
1163,CC1(C(S(=O)(=O)N=C(O1)N[C@@H](CCO)c2ccccc2F)Cc3ccc(cc3)CCCN4CCOCC4)C,1,[0 1 0 ... 0 0 0]
931,CC1(C(S(=O)(=O)N=C(O1)N[C@@H](CCO)c2ccccc2F)c3ccc(c(c3)Cl)c4ccccc4)C,1,[0 1 0 ... 0 0 0]
682,CC1(CC(CC(N1)(C)C)NC2=NS(=O)(=O)C3CCCCC3O2)C,0,[0 0 0 ... 0 0 0]
561,CC1(C(S(=O)(=O)N=C(O1)N[C@@H](CCO)c2ccccc2F)(C)c3cccc(c3)N4CCN(CC4)S(=O)(=O)C)C,1,[0 1 0 ... 0 0 0]
451,CC1(CS(=O)(=O)N=C(O1)NC2CCCCC2)C,0,[0 0 1 ... 0 0 0]
112,CC(C)(C)N1CCN(CC1)c2ccc(nc2)N3CCN(c4c3cccc4)C(=O)NCCN(C)C,0,[0 0 0 ... 0 0 0]
202,c1cc2c(cc1)N(CCN2c3ccc(cc3)N4CCN(CC4)S(=O)(=O)C5CCNCC5)C(=O)N[C@H]6C7C[C@]8(CC6CC(C7)C8)O,1,[0 0 0 ... 0 0 0]
1099,CC1([C@H](S(=O)(=O)N=C(O1)N[C@@H](CCO)c2ccccc2F)c3ccc(cc3)C4CN(C4)CCC(F)(F)F)C,1,[0 1 0 ... 0 0 0]
608,CC(C)C(c1cccs1)NC(=O)NS(=O)(=O)C2=CCCCC2,0,[0 1 0 ... 0 0 0]
636,c1cc2c(cc1)N(CCN2c3ncc(cc3)N4C5CN(C(C4)C5)S(=O)(=O)C6CC6)C(=O)N[C@H]7C8C[C@]9(CC7CC(C8)C9)O,1,[0 0 0 ... 0 0 0]
813,Cc1cc(n(c(=O)n1)CCNC(=O)N2CCN(c3c2cccc3)c4ccc(cn4)N5CCN(CC5)C(C)(C)C)C,0,[0 0 0 ... 0 0 0]
587,c1cc(sc1c2cnco2)S(=O)(=O)NC(=S)NC34CC5CC(C3)CC(C5)C4,0,[0 0 0 ... 0 0 0]
1194,c1cc(c2c(c1)N(CCC2)C(=O)N[C@H]3C4C[C@]5(CC3CC(C4)C5)O)O,1,[0 0 0 ... 0 0 0]
1314,CC1(C(S(=O)(=O)N=C(O1)N[C@@]23C[C@H]4C[C@@H](C2)C[C@](C4)(C3)O)(C)C)C,1,[0 0 0 ... 0 0 0]
1039,Cc1nc(ccc1N2CCN(CC2)S(=O)(=O)C)N3c4c(cccc4)N(CC3)C(=O)N[C@H]5C6C[C@]7(CC5CC(C6)C7)C(=O)N,1,[0 0 0 ... 0 0 0]
219,C[C@@H](c1ccccc1F)NC2=NS(=O)(=O)C(C(O2)(C)C)c3cccc(c3)C(=O)N4CCC(C4)N(C)C,0,[0 1 0 ... 0 0 0]
707,CC1CC(CC(C1)(C)C)NC2=NS(=O)(=O)C3CCCCC3O2,1,[0 0 0 ... 0 0 0]
483,CC1(C2(CC2)S(=O)(=O)N=C(O1)NC3CCCCC3)CO,0,[0 0 1 ... 0 0 0]
1244,c1ccc(c(c1)C2CCN(C2)C(=O)N3CCOc4c3cc(cc4)C(F)(F)F)C(F)(F)F,1,[0 0 0 ... 0 0 0]
602,Cn1c(cc(n1)C(F)(F)F)c2ccc(s2)S(=O)(=O)NC(=S)NC34CC5CC(C3)CC(C5)C4,0,[0 0 0 ... 0 0 0]
125,CC1(C(S(=O)(=O)N=C(O1)N[C@@H](CCO)c2ccccc2F)c3ccc(c(c3)F)c4ccc(c(c4)C#N)F)C,1,[0 1 0 ... 0 0 0]
604,CC1([C@H](S(=O)(=O)N=C(O1)N[C@@H](CCO)c2ccccc2F)c3ccc(cc3)c4cccc(c4)C(=O)N)C,1,[0 1 0 ... 0 0 0]
475,CS(=O)(=O)N1CCN(CC1)c2ccc(cc2)C3CC4CCC(C3)N4C(=O)N5CCC(C5)c6c[nH]nc6,1,[0 0 0 ... 0 0 0]
833,C[C@@H](c1ccccc1F)NC2=NS(=O)(=O)C(C(O2)(C)C)Cc3ccc(cc3)C4CN(C4)CCC(F)(F)F,1,[0 1 0 ... 0 0 0]
81,CC1(C(S(=O)(=O)N=C(O1)N[C@@H](CCO)c2ccccc2F)c3ccc(cc3)c4cccc(c4)C#N)C,1,[0 1 0 ... 0 0 0]
510,CCCNC(=O)NS(=O)(=O)c1ccc(cc1)c2ccc(cc2)[N+](=O)[O-],0,[0 0 0 ... 0 0 0]
940,CC(C)(C)C1C2(CC2)S(=O)(=O)N=C(O1)NC3CCCCC3,0,[0 0 1 ... 0 0 0]
1253,C[C@@H](c1ccccc1F)NC2=NS(=O)(=O)[C@H](C(O2)(C)C)Cc3ccc(cc3)C4CN(C4)C(=O)OC(C)(C)C,1,[0 1 0 ... 0 0 0]
1338,c1ccc2c(c1)N(CCO2)C(=O)N3CCC(C3)N4CCCCC4,0,[0 0 1 ... 0 0 0]
1313,c1ccc(cc1)c2ccc(cc2F)N3CCN(c4c3cccc4)C(=O)N5CCC(C5)c6c[nH]nc6,0,[0 0 0 ... 0 0 0]
1050,CC1(C(S(=O)(=O)N=C(O1)N[C@@H](CCO)c2ccccc2F)c3ccc(cc3)c4ccc(cc4)C(=O)N(C)C)C,1,[0 1 0 ... 0 0 0]
1153,Cn1c(cc(n1)C(F)(F)F)c2ccc(s2)S(=O)(=O)NC(=O)NC34CC5CC(C3)CC(C5)C4,0,[0 0 0 ... 0 0 0]
1268,c1ccc2c(c1)N(CCN2C(=O)N3CCC(C3)c4c[nH]nc4)c5ccc(cc5)OCC6CCS(=O)(=O)C6,1,[0 0 0 ... 0 0 0]
1310,C1CCC(CC1)(CNC2=NS(=O)(=O)C3CCCCC3O2)O,0,[0 0 1 ... 0 0 0]
75,CC(C)(C)N1CCN(CC1)c2ccc(nc2)N3CCN(c4c3cccc4)C(=O)NCC(c5cccs5)OC,0,[0 1 0 ... 0 0 0]
610,c1cc(cc(c1)N2CCN(CC2)C(=O)N3CCC(C3)c4c[nH]nc4)CC(=O)NC5CC5,0,[0 0 0 ... 0 0 0]
615,C1CCC2C(C1)OC(=NS2(=O)=O)NC3C4CCC(C3O)C45CC5,0,[0 0 0 ... 0 0 0]
183,CC1([C@H](S(=O)(=O)N=C(O1)N[C@@H](CCO)c2ccccc2F)c3ccc(cc3)c4ccccc4)C,1,[0 1 0 ... 0 0 0]
642,CC1(C(S(=O)(=O)N=C(O1)N[C@@H](CCO)c2ccc(cc2)Cl)Cc3ccccc3)C,1,[0 1 0 ... 0 0 0]
1356,CS(=O)(=O)N1CCN(CC1)C(=O)COCc2cccc3c2OCCN3C(=O)N4CCC(C4)c5c[nH]nc5,0,[0 0 0 ... 0 0 0]
473,C1CCC2C(C1)OC(=NS2(=O)=O)NC34CC5CC(C3)CC4C5,1,[1 0 0 ... 0 0 0]
477,c1ccc2c(c1)N(CCO2)C(=O)N3CCC(CC3)c4cc(cnc4)F,0,[0 0 0 ... 0 0 0]
1256,COc1ccc(cn1)C2CCN(CC2)C(=O)N3CCOc4c3cccc4,0,[0 0 0 ... 0 0 0]
1238,c1ccc2c(c1)N(CCN2C(=O)N3CCC(C3)c4c[nH]nc4)c5ccc(cc5)c6ccc(cc6)OC(F)(F)F,0,[0 0 0 ... 0 0 0]
1217,CC(C)(C)N1CCN(CC1)c2ccc(nc2)N3CCN(c4c3cccc4)C(=O)NCC(C)(C)N5CCOCC5,0,[0 0 0 ... 0 0 0]
161,CC1(C(S(=O)(=O)N=C(O1)NC2CCCCC2)c3ccc(cc3)c4ccccc4)C,0,[0 0 1 ... 0 0 0]
953,CC12CC3CC(C1)(CC(C3)(C2)NC(=O)NS(=O)(=O)C4CCCCC4Cl)C,1,[0 0 0 ... 0 0 0]
1173,CS(=O)(=O)N1CCN(CC1)c2ccc(cc2)OC[C@@H]3C[C@H]4CC[C@@H](C3)N4C(=O)N5CCC(C5)c6c[nH]nc6,1,[0 0 0 ... 0 0 0]
998,CC(C)(C)N1CCN(CC1)c2ccc(nc2)N3CCN(c4c3cccc4)C(=O)N[C@H]5[C@@H]6C[C@@H]7C[C@H]5C[C@@](C7)(C6)C(=O)N,0,[0 0 0 ... 0 0 0]
1346,COC(=O)[C@@H]1CN(C[C@H]1c2cccnc2)C(=O)N3CCCc4c3cccc4,0,[0 0 0 ... 0 0 0]
935,c1cc(c(cc1F)C(F)(F)F)[C@H](CCO)NC2=NS(=O)(=O)[C@@H]3CCCC[C@@H]3O2,0,[0 1 0 ... 0 0 0]
156,C[C@@H](c1ccccc1F)NC2=NS(=O)(=O)C(C(O2)(C)C)c3ccc(nc3)c4cccc(c4)C(=O)N,1,[0 1 0 ... 0 0 0]
693,c1ccc2c(c1)CCCN2C(=O)N3CCC(CC3)c4ccccn4,0,[0 0 0 ... 0 0 0]
70,CC1(CCN(c2c1cccc2)C(=O)N3CCC(C3)c4ccccc4C(F)(F)F)C,1,[0 0 0 ... 0 0 0]
1278,C1C[C@H]2OC(=NS(=O)(=O)[C@H]2CC1)N[C@@]34C[C@H]5C[C@@H](C3)C[C@@H](C4)C5,1,[0 0 0 ... 0 0 0]
859,c1cc(cnc1)C2CCN(C2)C(=O)N3CCOc4c3cc(cc4)C(=O)O,0,[0 0 0 ... 0 0 0]
1232,c1ccc(cc1)C23CC2CN(C3)C(=O)N4CCN(c5c4cccc5)c6ccc(cc6)c7ccccn7,0,[0 0 0 ... 0 0 0]
452,c1cc(ccc1C#N)C(=O)N2CCN(CC2)C(=O)N3CCC(C3)c4c[nH]nc4,0,[0 0 0 ... 0 0 0]
564,CC(C)C(C(C)C)NC1=NS(=O)(=O)C2CCCCC2O1,0,[0 1 0 ... 0 0 0]
1118,c1cc2c(cc1)N(CCN2c3ncc(cc3)N4CCN(CC4)C5(CCC5)CO)C(=O)N[C@H]6C7C[C@]8(CC6CC(C7)C8)CN,1,[0 0 0 ... 0 0 0]
545,Cc1ccc(cc1)S(=O)(=O)NC(=O)NC2C3CCC(C2O)C3(C)C,0,[0 0 0 ... 0 0 0]
1224,COc1cnc(nc1)c2ccc(cc2)N3c4c(cccc4)N(CC3)C(=O)N[C@H]5C6C[C@]7(CC5CC(C6)C7)O,1,[0 0 0 ... 0 0 0]
1113,CCC(Oc1cnc(cc1)c2ccc(cc2)N3c4c(cccc4)N(CC3)C(=O)N[C@H]5C6C[C@]7(CC5CC(C6)C7)O)C,1,[0 1 0 ... 0 0 0]
894,C[C@@H](c1ccccc1F)NC2=NS(=O)(=O)C(C(O2)(C)C)Cc3ccc(cc3)OCc4ccccc4,1,[0 1 0 ... 0 0 0]
1135,CC1(C(S(=O)(=O)N=C(O1)N[C@@H](CCO)c2ccccc2F)(C)c3ccc(cc3)c4ccc(cc4)OC)C,1,[0 1 0 ... 0 0 0]
922,COC(=O)[C@@H]1C[C@H]2CC[C@@H](C1)N2C(=O)N3CCC(C3)c4c[nH]nc4,1,[0 0 0 ... 0 0 0]
1040,c1ccc(c(c1)C2CCN(C2)C(=O)N3CCOc4c3cccc4)C(F)(F)F,1,[0 0 0 ... 0 0 0]
958,CC1([C@H](S(=O)(=O)N=C(O1)N[C@@H](CCO)c2ccccc2F)c3ccc(cc3)C4CCN(CC4)CCCF)C,1,[0 1 0 ... 0 0 0]
617,c1ccc2c(c1)CCCN2C(=O)N3CCC(CC3)C(=O)NCc4cccc(c4Cl)Cl,0,[0 0 0 ... 0 0 0]
342,CC1(C(S(=O)(=O)N=C(O1)N[C@@H](CCO)c2ccccc2)c3cccc(c3)Cl)C,1,[0 1 0 ... 0 0 0]
755,C[C@@H](c1ccccc1F)NC2=NS(=O)(=O)C(C(O2)(C)C)c3ccc(cc3)c4cc(cc(c4)F)C(=O)N,1,[0 1 0 ... 0 0 0]
730,CC1([C@H](S(=O)(=O)N=C(O1)NC23CCC(C2)(C3)C(=O)N)c4ccc(cc4)c5ccccc5)C,0,[0 0 0 ... 0 0 0]
1203,CC1([C@H](S(=O)(=O)N=C(O1)NC23CC4CC2CC(C4)(C3)C(=O)N)c5ccc(cc5)Br)C,1,[1 0 0 ... 0 0 0]
186,c1cc2c(cc1)N(CCN2c3ccc(cc3)N4CCN(CC4)S(=O)(=O)CCO)C(=O)N[C@H]5C6C[C@]7(CC5CC(C6)C7)C(=O)N,1,[0 0 0 ... 0 0 0]
675,CS(=O)(=O)N1CCN(CC1)c2ccc(cc2)N3CCN(c4c3cccc4)C(=O)NC56CCC(CC5)(CC6)O,0,[0 0 0 ... 0 0 0]
795,CC(N1CCN(CC1)c2cnc(cc2)N3c4c(cc(cc4)Cl)N(CC3)C(=O)N[C@H]5C6C[C@]7(CC5CC(C6)C7)C(=O)N)(C)C,1,[0 0 0 ... 0 0 0]
1396,Cc1c(ncc(c1)N2CCN(CC2)S(=O)(=O)C3CC3)N4c5c(cccc5)N(CC4)C(=O)N[C@H]6C7C[C@]8(CC6CC(C7)C8)C(=O)N,1,[0 0 0 ... 0 0 0]
936,c1cc(c(cc1F)C(F)(F)F)[C@H](CCO)NC2=NS(=O)(=O)[C@H]3CCCC[C@H]3O2,0,[0 1 0 ... 0 0 0]
727,c1ccc(cc1)C[C@@H](CO)NC2=NS(=O)(=O)[C@H]3CCCC[C@H]3O2,0,[0 1 0 ... 0 0 0]
1350,c1ccc2c(c1)C(CCN2C(=O)N3CCC(C3)c4cccnc4)N,0,[0 0 0 ... 0 0 0]
414,CC(CNC(=O)N1CCN(c2c1cccc2)c3ccc(cn3)N4CCN(CC4)C(C)(C)C)n5cncn5,0,[0 1 0 ... 0 0 0]
558,CN1[C@]2(CCC[C@@H]1CCC2)NC3=NS(=O)(=O)C4C(O3)CCCC4,0,[0 0 0 ... 0 0 0]
1181,c1ccc(cc1)[C@H](CCO)NC2=NS(=O)(=O)C3CC(CCC3O2)(F)F,0,[0 1 0 ... 0 0 0]
147,CC(C)(C)N1CCN(CC1)c2ccc(nc2)N3CCN(c4c3cccc4)C(=O)CCC5CCCC5,0,[0 0 0 ... 0 0 0]
820,CCOC(=O)Cn1cc(cn1)C2CCN(CC2)C(=O)N3CCCc4c3cccc4,0,[0 0 0 ... 0 0 0]
1044,Cc1c(cnn1C)S(=O)(=O)NC(=O)NC23CC4CC(C2)CC(C4)C3,0,[0 0 0 ... 0 0 0]
631,c1cc2c(cc1)N(CCN2c3c(cc(cc3)N4CCN(CC4)S(=O)(=O)C5CC5)F)C(=O)N[C@H]6C7C[C@]8(CC6CC(C7)C8)C(=O)N,1,[0 0 0 ... 0 0 0]
62,c1ccc2c(c1)cc(s2)S(=O)(=O)NC(=S)NC34CC5CC(C3)CC(C5)C4,0,[0 0 0 ... 0 0 0]
1242,C[C@@H](c1ccccc1F)NC2=NS(=O)(=O)C(C(O2)(C)C)c3ccc(cc3)c4cnc(nc4)N,1,[0 1 0 ... 0 0 0]
369,CC(C)(C)N1CCN(CC1)c2ccc(nc2)N3CCN(c4c3cccc4)C(=O)CCCc5ccccc5,0,[0 0 0 ... 0 0 0]
110,CS(=O)(=O)N1CCN(CC1)c2ccc(cc2)O[C@H]3CC4N(C(C3)CC4)C(=O)N[C@H]5C6C[C@]7(CC5CC(C6)C7)O,1,[0 0 0 ... 0 0 0]
1307,c1cc(ccc1S(=O)(=O)NC(=O)NC2CCCCCCC2)Cl,0,[0 0 1 ... 0 0 0]
195,CC(C)(C)N1CCN(CC1)c2ccc(nc2)N3CCN(c4c3cccc4)C(=O)Nc5cccc(c5)c6nncn6C,0,[0 0 0 ... 0 0 0]
600,CC1(C(S(=O)(=O)N=C(O1)N[C@@H](CCO)c2ccccc2F)c3ccc(cc3F)C4CCN(CC4)CCC(F)(F)F)C,1,[0 1 0 ... 0 0 0]
235,CC1(CCN(c2c1cccc2)C(=O)N3CCC(C3)c4c[nH]nc4)C,1,[0 0 0 ... 0 0 0]
983,c1cc2c(c(c1)O)CCCN2C(=O)N3CCC(C3)c4c[nH]nc4,1,[0 0 0 ... 0 0 0]
1150,CC(C)(C)N1CCN(CC1)c2ccc(nc2)N3CCN(c4c3cccc4)C(=O)N(C)CC(=O)N5CCCC5,0,[0 0 0 ... 0 0 0]
743,C1CCCC(CC1)NC2=NS(=O)(=O)C3CCCCC3O2,1,[0 0 1 ... 0 0 0]
497,CC(N1CCC(CC1)c2cnc(cc2)N3c4c(cccc4)N(CC3)C(=O)N[C@H]5C6C[C@]7(CC5CC(C6)C7)C(=O)N)(C)C,1,[0 0 0 ... 0 0 0]
2,CC(C)(C)N1CCN(CC1)c2ccc(nc2)N3CCN(c4c3cccc4)C(=O)NCC5(CC5)Cn6ccnc6,0,[0 0 0 ... 0 0 0]
335,CC1(C(S(=O)(=O)N=C(O1)NC2CCCCC2)(C)C)C,1,[0 0 1 ... 0 0 0]
1305,c1cc2c(cc1)N(CCN2c3ccc(cc3)c4ncc(cc4)OC5CCNCC5)C(=O)N[C@H]6C7C[C@]8(CC6CC(C7)C8)O,1,[0 1 0 ... 0 0 0]
776,c1ccc2c(c1)CCCN2C(=O)N3C4CCC3C=C(C4)c5ccc(cc5)N,0,[0 0 0 ... 0 0 0]
778,CCc1csc(n1)C2CCN(CC2)C(=O)N3CCCc4c3cccc4,0,[0 0 0 ... 0 0 0]
972,c1cc(cnc1)C2CCN(C2)C(=O)N3CCCc4c3ccnc4,0,[0 0 0 ... 0 0 0]
684,CC1CCc2ccccc2N1C(=O)N3CCC(CC3)c4cn(cn4)CCN5CCCCC5,0,[0 0 1 ... 0 0 0]
538,CC1(C(S(=O)(=O)N=C(O1)N[C@@H](CCO)c2ccccc2F)c3ccc(cc3)N4CCCC4=O)C,1,[0 1 0 ... 0 0 0]
226,c1ccc2c(c1)CCCN2C(=O)N3C4CCC3CC(C4)c5ccccc5C#N,1,[0 0 0 ... 0 0 0]
817,Cc1c(nc[nH]1)C2CCN(CC2)C(=O)N3c4ccccc4OCC3C,0,[0 0 0 ... 0 1 0]
1317,CC1(C(S(=O)(=O)N=C(O1)N[C@@H](CCO)c2cc(ccc2F)F)Cc3ccccc3)C,1,[0 1 0 ... 0 0 0]
120,c1cc2c(cc1)N(CCN2c3ncc(cc3)N4CCN(CC4)S(=O)(=O)CCC(F)(F)F)C(=O)N[C@H]5C6C[C@]7(CC5CC(C6)C7)O,1,[0 0 0 ... 0 0 0]
1236,Cc1ccsc1CNC(=O)N2CCN(c3c2cccc3)c4ccc(cn4)N5CCN(CC5)C(C)(C)C,0,[0 0 0 ... 0 0 0]
816,c1cc2c(cc1)N(CCN2c3ncc(cc3)Br)C(=O)N[C@H]4C5C[C@]6(CC4CC(C5)C6)C(=O)N,1,[0 0 0 ... 0 0 0]
8,c1cc(cc(c1)F)[C@H](CCO)NC2=NS(=O)(=O)C3CCCCC3O2,0,[0 1 0 ... 0 0 0]
1196,c1ccc(cc1)COc2c3c(ccc2)N(CCO3)C(=O)N[C@H]4C5C[C@]6(CC4CC(C5)C6)O,1,[0 0 0 ... 0 0 0]
329,c1ccc2c(c1)CCCN2C(=O)N3CCCC3c4cccnc4,0,[0 0 0 ... 0 0 0]
60,C1CCC(CC1)NC2=NS(=O)(=O)CCO2,0,[0 0 1 ... 0 0 0]
326,C[C@@H](c1ccccc1F)NC2=NS(=O)(=O)[C@H](C(O2)(C)C)Cc3ccc(cc3)C4CN(C4)C5CC5,1,[0 1 0 ... 0 0 0]
1390,CC1(C(S(=O)(=O)N=C(O1)N[C@@H](CCO)c2ccccc2F)c3ccc(cc3)c4cccc(n4)N(C)C)C,1,[0 1 0 ... 0 0 0]
29,Cc1ncc(o1)C2CCN(CC2)C(=O)N3CCCc4c3cccc4,0,[0 0 0 ... 0 0 0]
362,CC1(C(S(=O)(=O)N=C(O1)N[C@@H](CCO)c2ccccc2F)(C)Cc3ccc(cc3)Br)C,1,[0 1 0 ... 0 0 0]
1335,CS(=O)(=O)N1CCN(CC1)c2cnc(cc2)N3c4c(cccc4)N(CC3)C(=O)N[C@H]5C6C[C@]7(CC5CC(C6)C7)O,1,[0 0 0 ... 0 0 0]
878,c1ccc2c(c1)N(CCN2C(=O)N3CCC(C3)c4c[nH]nc4)c5ccc(cc5)Oc6nccc(n6)C(F)(F)F,1,[0 0 0 ... 0 0 0]
489,C[C@@H](c1ccccc1F)NC2=NS(=O)(=O)C(C(O2)(C)C)(C)C,1,[0 1 0 ... 0 0 0]
223,CC(C)(C)N1CCN(CC1)c2ccc(nc2)N3CCN(c4c3cccc4)C(=O)/C=C/c5ccccc5,0,[0 0 0 ... 0 0 0]
375,c1cc(c2c(c1)N(CCO2)C(=O)N[C@H]3C4C[C@]5(CC3CC(C4)C5)O)O,1,[0 0 0 ... 0 0 0]
416,CC1(CCN(c2c1cccc2)C(=O)N3CCC(C3)c4cccnc4)C,1,[0 0 0 ... 0 0 0]
979,CCCCC(=O)N1CCN(c2c1cccc2)c3ccc(cn3)N4CCN(CC4)C(C)(C)C,0,[0 0 0 ... 0 0 0]
530,CCS(=O)(=O)N1CCN(CC1)c2ccc(cc2)N3c4c(cccc4)N(CC3)C(=O)N[C@H]5C6C[C@]7(CC5CC(C6)C7)C(=O)N,1,[0 0 0 ... 0 0 0]
102,c1cc2c(cc1)N(CCC2)C(=O)N3C4C[C@@H](CC3CC4)c5ncccc5,1,[0 0 0 ... 0 0 0]
572,c1ccc2c(c1)CCCN2C(=O)N3CCC(CC3)c4cc([nH]n4)c5ccc(cc5)Cl,0,[0 0 0 ... 0 0 0]
528,CC1CCc2ccccc2N1C(=O)N3CCC(CC3)c4cn(cn4)CCC(=O)O,0,[0 0 0 ... 0 0 0]
996,CC(C)(C)N1CCN(CC1)c2ccc(nc2)N3CCN(c4c3cccc4)C(=O)N[C@@H]5[C@@H]6C[C@@H]7C[C@H]5C[C@@](C7)(C6)C(=O)N,1,[0 0 0 ... 0 0 0]
1026,CCC(N1CCN(CC1)c2ccc(cc2)N3c4c(cccc4)N(CC3)C(=O)N[C@H]5C6C[C@]7(CC5CC(C6)C7)C(=O)N)CC,1,[0 1 0 ... 0 0 0]
1250,C1CCC(CC1)[C@H](CO)NC2=NS(=O)(=O)C3CCCCC3O2,0,[0 1 1 ... 0 0 0]
52,CC1(C(S(=O)(=O)N=C(O1)N[C@@H](CCO)c2ccccc2F)c3ccc(cc3)c4cnc(cn4)N5CCN(CC5)C)C,1,[0 1 0 ... 0 0 0]
41,c1cc2c(cc1)N(CCN2c3ncc(cc3)N4CCN(CC4)S(=O)(=O)C5CCCC5)C(=O)N[C@H]6C7C[C@]8(CC6CC(C7)C8)O,1,[0 0 0 ... 0 0 0]
97,CC1(CCN(c2c1cccc2)C(=O)NC3C4CC5CC3CC(C5)(C4)C(=O)N)C,1,[0 0 0 ... 0 0 0]
343,CC1(C(S(=O)(=O)N=C(O1)N[C@@H](CCO)c2ccccc2F)c3ccc(cc3)c4ccc(cc4)F)C,1,[0 1 0 ... 0 0 0]
898,CC(C(=O)OC)(C1CCN(CC1)c2cnc(cc2)N3c4c(cccc4)N(CC3)C(=O)N[C@H]5C6C[C@]7(CC5CC(C6)C7)C(=O)N)C,1,[0 0 0 ... 0 0 0]
293,Cc1cccc(c1)C2C(OC(=NS2(=O)=O)N[C@@H](CCO)c3ccccc3)(C)C,1,[0 1 0 ... 0 0 0]
307,c1cc2c(cc1)N(CCN2c3ncc(cc3)N4CCN(CC4)S(=O)(=O)CC(F)(F)F)C(=O)N[C@H]5C6C[C@]7(CC5CC(C6)C7)O,1,[0 0 0 ... 0 0 0]
868,c1ccc(cc1)C(CC(CN)O)NC2=NS(=O)(=O)[C@@H]3CCCC[C@@H]3O2,0,[0 1 0 ... 0 0 0]
405,c1cc2c(cc1)N(CCN2c3ncc(cc3)N4CCC(CC4)NCC(=O)N5[C@@H](CCC5)C#N)C(=O)N[C@H]6C7C[C@]8(CC6CC(C7)C8)O,1,[0 0 0 ... 0 0 0]
214,c1cc2c(c(c1)Cl)N(CCC2)C(=O)N3CCC(C3)c4cccnc4,1,[0 0 0 ... 0 0 0]
258,CC1(C(S(=O)(=O)N=C(O1)N[C@@H](CCO)c2ccccc2F)c3ccc(c(c3)F)c4ccnc(c4)C#N)C,1,[0 1 0 ... 0 0 0]
911,CC1(C(S(=O)(=O)N=C(O1)N[C@@H](CCO)c2ccccc2F)c3ccc(cc3)c4cnc(nc4)N5CCNCC5)C,1,[0 1 0 ... 0 0 0]
638,CCCCNC1=NS(=O)(=O)c2cc(ccc2O1)C,0,[0 0 0 ... 0 0 0]
938,CC1(C(S(=O)(=O)N=C(O1)N[C@@H](CCO)c2ccccc2F)c3ccc(cc3)c4ccc(cc4)C(=O)N)C,1,[0 1 0 ... 0 0 0]
56,C[C@@H](c1ccccc1F)NC2=NS(=O)(=O)C(C(O2)(C)C)c3cccc(c3)Br,1,[0 1 0 ... 0 0 0]
54,c1cc2c(cc1)N(CCN2c3ncc(cc3)N4CCN(CC4)S(=O)(=O)C(F)(F)F)C(=O)N[C@H]5C6C[C@]7(CC5CC(C6)C7)C(=O)N,1,[0 0 0 ... 0 0 0]
53,c1cc2c(cc1)N(CCN2c3ncc(cc3)N4CCN(CC4)CC5C(C5)(F)F)C(=O)N[C@H]6C7C[C@]8(CC6CC(C7)C8)C(=O)N,1,[0 0 0 ... 0 0 0]
680,c1ccc2c(c1)CCCN2C(=O)N3C4CCC3C=C(C4)c5ccccc5C(=O)N,0,[0 0 0 ... 0 0 0]
406,CC(C)(C)N1CCN(CC1)c2ccc(nc2)N3CCN(c4c3cccc4)C(=O)NCCc5ccccc5,0,[0 0 0 ... 0 0 0]
1368,c1cc2c(cc1)N(CCN2c3ncc(cc3)N4CCN(CC4)S(=O)(=O)C5CC5)C(=O)N[C@H]6C7C[C@]8(CC6CC(C7)C8)OC(=O)N,1,[0 0 0 ... 0 0 0]
461,C[C@@H](c1ccccc1F)NC2=NS(=O)(=O)[C@@H](C(O2)(C)C)c3ccc(cc3)c4cccc(c4)C(=O)N,1,[0 1 0 ... 0 0 0]
1128,C1CCC(C1)NC2=NS(=O)(=O)C3CCCCC3O2,0,[0 0 0 ... 0 0 0]
1089,CC1(C(S(=O)(=O)N=C(O1)N[C@@H](CCO)c2cccc(c2)Cl)c3ccc(cc3)c4ccccc4)C,1,[0 1 0 ... 0 0 0]
79,CC1([C@@H](S(=O)(=O)N=C(O1)N[C@@H](CCO)c2ccccc2F)c3ccc(cc3)c4cccc(c4)C#N)C,1,[0 1 0 ... 0 0 0]
851,CC([Si](Oc1c2c(ccc1)N(CCC2)C(=O)N[C@H]3C4C[C@]5(CC3CC(C4)C5)O)(C)C)(C)C,1,[0 0 0 ... 0 0 0]
598,CC(C)(C)N1CCN(CC1)c2ccc(nc2)N3CCN(c4c3cccc4)C(=O)N5CCN(CC5)c6cnccn6,0,[0 0 0 ... 0 0 0]
576,CS(=O)(=O)N1CCN(CC1)c2ccc(cc2)N3CCN(c4c3cccc4)C(=O)N5CCC6(C5)CCCNC6,0,[0 0 0 ... 0 0 0]
720,CCC(C)C(=O)N1CCN(c2c1cccc2)c3ccc(cn3)N4CCN(CC4)C(C)(C)C,0,[0 1 0 ... 0 0 0]
1298,CC1([C@@H](S(=O)(=O)N=C(O1)NC23CC4CC(C2)CC3C4)c5ccc(cc5)c6cccc(c6)C(=O)N)C,1,[1 0 0 ... 0 0 0]
899,CS(=O)(=O)N1CCN(CC1)c2ccc(cc2)N3CCN(c4c3cccc4)C(=O)N5CC=CC5,0,[0 0 0 ... 0 0 0]
459,C[C@@H](c1ccccc1F)NC2=NS(=O)(=O)C(C(O2)(C)C)c3ccc(cc3)c4cccc(c4)C(=O)N,1,[0 1 0 ... 0 0 0]
149,CC1(C(S(=O)(=O)N=C(O1)N[C@@H](CCO)c2ccccc2F)c3cccc(c3)Cl)C,1,[0 1 0 ... 0 0 0]
808,C[C@@H](c1ccccc1F)NC2=NS(=O)(=O)C(C(O2)(C)C)c3cccc(c3)C(=O)N4CCCN(CC4)C,0,[0 1 0 ... 0 0 0]
11,COC(=O)C12C3C4C1C5C2C3C45NC(=O)N6CCN(c7c6cccc7)c8ccc(cc8)c9ccccn9,0,[0 0 0 ... 0 0 0]
373,C[C@@H](c1ccccc1F)NC2=NS(=O)(=O)[C@H](C(O2)(C)C)c3ccc(cc3)c4ccnc(c4)C#N,1,[0 1 0 ... 0 0 0]
548,c1ccc(cc1)[C@H](CCO)NC2=NS(=O)(=O)C3CCCCC3O2,1,[0 1 0 ... 0 0 0]
793,CC12CC3CC(C1)(CC(C3)(C2)NC(=O)NS(=O)(=O)C4CCCCC4)C,1,[0 0 1 ... 0 0 0]
557,CC1(C(S(=O)(=O)N=C(O1)N[C@@H](CCO)c2ccccc2)Cc3ccc(cc3)Cl)C,1,[0 1 0 ... 0 0 0]
1383,CC1CNC(=N1)C2CCN(CC2)C(=O)N3CCCc4c3cccc4,0,[0 0 0 ... 0 0 0]
31,c1cc2c(cc1)N(CCN2c3ncc(cc3)N4CCOCC4)C(=O)N[C@H]5C6C[C@]7(CC5CC(C6)C7)O,1,[0 0 0 ... 0 0 0]
478,CS(=O)(=O)N1CCN(CC1)c2ccc(cc2)O[C@H]3CC4N(C(C3)CC4)C(=O)N[C@H]5C6C[C@]7(CC5CC(C6)C7)C(=O)N,1,[0 0 0 ... 0 0 0]
886,C[C@@H](c1ccccc1F)NC2=NS(=O)(=O)C(C(O2)(C)C)(C)Cc3ccc(cc3)C4CN(C4)C,1,[0 1 0 ... 0 0 0]
39,c1cc2c(cc1)N(CCN2c3ncc(cc3)N4CCC(CC4)NCC(=O)N5[C@@H](CCC5)C#N)C(=O)N[C@H]6C7C[C@]8(CC6CC(C7)C8)C(=O)N,1,[0 0 0 ... 0 0 0]
794,CC1(C(S(=O)(=O)N=C(O1)N[C@@H](CCO)c2ccccc2F)c3ccc(cc3F)c4cc(cc(c4)F)C#N)C,1,[0 1 0 ... 0 0 0]
964,c1ccc2c(c1)CCCN2C(=O)N3C4CCC3C=C(C4)c5cccnc5,0,[0 0 0 ... 0 0 0]
424,c1ccc2c(c1)CCCN2C(=O)N3C4CCC3C=C(C4)c5ccc6c(c5)OCCO6,0,[0 0 0 ... 0 0 0]
770,CS(=O)(=O)c1ccc(cc1)CN2CCN(CC2)C(=O)N3CCC(C3)c4c[nH]nc4,0,[0 0 0 ... 0 0 0]
462,Cc1c(cccc1Cl)S(=O)(=O)N(C)C(=O)N[C@@]23C[C@H]4C[C@@H](C2)C[C@](C4)(C3)O,0,[0 0 0 ... 0 0 0]
1069,c1ccc2c(c1)N(CCN2C(=O)N3[C@@H]4CC[C@H]3C[C@@H](C4)C(=O)N)c5ccc(cc5)OCC(=O)NC6CC6,0,[0 0 0 ... 0 0 0]
44,C[C@@H](c1ccccc1F)NC2=NS(=O)(=O)C(C(O2)(C)C)c3cccc(c3)C(=O)NCc4ccccn4,1,[0 1 0 ... 0 0 0]
1205,CC1(C(S(=O)(=O)N=C(O1)N[C@@H](CCO)c2cc(ccc2F)Cl)Cc3ccccc3)C,1,[0 1 0 ... 0 0 0]
129,CCN(CC)C(=O)CCNC(=O)NS(=O)(=O)C1=CCCCC1,0,[0 0 0 ... 0 0 0]
123,CCNC(=O)N1CCN(c2c1cccc2)C(=O)N3CCC(C3)c4cccnc4,0,[0 0 0 ... 0 0 0]
1061,Cc1c(c[nH]n1)c2ccc(cc2)C3C(OC(=NS3(=O)=O)N[C@@H](CCO)c4ccccc4F)(C)C,1,[0 1 0 ... 0 0 0]
294,CCC(CNC(=O)N1CCN(c2c1cccc2)c3ccc(cn3)N4CCN(CC4)C(C)(C)C)N5CCOCC5,0,[0 1 0 ... 0 0 0]
256,CC(=O)N1CCC(CC1)N2CCN(c3c2cccc3)C(=O)N4CCC(C4)c5c[nH]nc5,0,[0 0 0 ... 0 0 0]
1207,c1cc(sc1)S(=O)(=O)NC(=S)NC23CC4CC(C2)CC(C4)C3,0,[0 0 0 ... 0 0 0]
131,CC1CCN(CC1)C(=O)N2CCN(c3c2cccc3)c4ccc(cn4)N5CCN(CC5)C(C)(C)C,0,[0 0 0 ... 0 0 0]
1260,CCOC(=O)CCN1CCN(CC1)c2cnc(cc2)N3c4c(cccc4)N(CC3)C(=O)N[C@H]5C6C[C@]7(CC5CC(C6)C7)C(=O)N,1,[0 0 0 ... 0 0 0]
1161,COCCS(=O)(=O)N1CCN(CC1)c2ccc(cc2)N3c4c(cccc4)N(CC3)C(=O)N[C@H]5C6C[C@]7(CC5CC(C6)C7)C(=O)N,1,[0 0 0 ... 0 0 0]
108,CC1([C@H](S(=O)(=O)N=C(O1)N[C@@H](CCO)c2ccccc2F)c3ccc(cc3)c4cc(c(nc4)C#N)F)C,1,[0 1 0 ... 0 0 0]
1386,c1ccc2c(c1)CCCN2C(=O)N3C[C@H](C[C@H]3C(=O)[O-])c4cccnc4,0,[0 0 0 ... 0 0 0]
328,CC1(C(S(=O)(=O)N=C(O1)N[C@@H](CCO)c2ccccc2)c3ccccc3Cl)C,1,[0 1 0 ... 0 0 0]
790,CC1([C@H](S(=O)(=O)N=C(O1)N[C@@H](CCO)c2ccccc2F)c3ccc(cc3)c4cc(ccc4F)C#N)C,1,[0 1 0 ... 0 0 0]
1400,c1ccc(cc1)C2C3(CC3)S(=O)(=O)N=C(O2)NC4CCCCC4,0,[0 0 1 ... 0 0 0]
37,COc1ccc2c(c1)N(CCO2)C(=O)N3CCC(CC3)c4cccnc4,0,[0 0 0 ... 0 0 0]
1206,c1ccc2c(c1)CCCN2C(=O)N3C4CCC3C=C(C4)c5cccc6c5cccn6,0,[0 0 0 ... 0 0 0]
717,c1ccc2c(c1)N(CCO2)C(=O)N3CCC(C3)c4c[nH]nc4C(F)(F)F,1,[0 0 0 ... 0 0 0]
883,c1ccc2c(c1)N(CCN2C(=O)N3CCC(C3)c4c[nH]nc4)c5ccc(cc5)OCC(=O)NC6CC6,1,[0 0 0 ... 0 0 0]
839,CC1(C2(CC2)S(=O)(=O)N=C(O1)NC3CCCCC3)COCc4ccccc4,0,[0 0 1 ... 0 0 0]
216,c1cc2c(cc1)N(CCN2c3c(cc(cc3)N4CCN(CC4)S(=O)(=O)C5CC5)F)C(=O)N[C@H]6C7C[C@]8(CC6CC(C7)C8)OC(=O)N,0,[0 0 0 ... 0 0 0]
625,c1ccc2c(c1)N(CCN2C(=O)NC3C4CC5CC3CC(C5)(C4)O)c6ccc(cc6)OCC(=O)NC7CC7,1,[0 0 0 ... 0 0 0]
305,c1cc2c(cc1)N(CCN2c3ncc(cc3)N4CCC(CC4)C(=O)O)C(=O)N[C@H]5C6C[C@]7(CC5CC(C6)C7)C(=O)N,1,[0 0 0 ... 0 0 0]
337,C1CCC(CC1)(CCO)NC2=NS(=O)(=O)C3CCCCC3O2,0,[0 0 1 ... 0 0 0]
456,CC1([C@@H](S(=O)(=O)N=C(O1)N[C@@H](CCO)c2ccccc2F)Cc3ccc(cc3)C4CCN(CC4)C5COC5)C,1,[0 1 0 ... 0 0 0]
691,CC(C)(C)OC(=O)N1CCC(C1)N2CCN(c3c2cccc3)C(=O)N4CCC(C4)c5c[nH]nc5,1,[0 0 0 ... 0 0 0]
152,C[C@@H](c1ccccc1F)NC2=NS(=O)(=O)C(C(O2)(C)C)c3ccc(cc3)c4ccc5c(c4)C(=O)NC5,1,[0 1 0 ... 0 0 0]
250,CC(C)(C)N1CCN(CC1)c2ccc(nc2)N3CCN(c4c3cccc4)C(=O)NCC5CC5,0,[0 0 0 ... 0 0 0]
404,CC(C)N1CCN(CC1)C(=O)CN2CCC(C2)N3CCN(c4c3cccc4)C(=O)N5CCC(C5)c6c[nH]nc6,0,[0 1 0 ... 0 0 0]
876,CC(C)(C)N1CCN(CC1)c2ccc(nc2)N3CCN(c4c3cccc4)C(=O)N5C[C@H]6C[C@@H]5CN6C(=O)OC(C)(C)C,0,[0 0 0 ... 0 0 0]
417,c1ccc(cc1)COCCO/N=C\2/c3c(cccc3)N(CC2)C(=O)N[C@H]4C5C[C@]6(CC4CC(C5)C6)O,1,[0 0 0 ... 0 0 0]
351,C1CCC(CC1)NC2=NS(=O)(=O)CC3(O2)CCC3,0,[0 0 1 ... 0 0 0]
1027,CC(C)CS(=O)(=O)NC(=O)NC12CC3CC(C1)CC(C3)C2,1,[0 1 0 ... 0 0 0]
1327,CC(N1CCN(CC1)c2cnc(nc2)N3c4c(cccc4)N(CC3)C(=O)N[C@H]5C6C[C@]7(CC5CC(C6)C7)C(=O)N)(C)C,1,[0 0 0 ... 0 0 0]
499,c1ccc(cc1)O/N=C/2\CCN(c3c2cccc3)C(=O)N4CCC(C4)c5c[nH]nc5,0,[0 0 0 ... 0 0 0]
1321,CC1(C2(CC2)S(=O)(=O)N=C(O1)NC3CCCCC3)C(F)(F)F,1,[0 0 1 ... 0 0 0]
479,Cc1ccc(cc1Cl)C2C(OC(=NS2(=O)=O)N[C@@H](C)c3ccccc3F)(C)C,1,[0 1 0 ... 0 0 0]
829,CC1([C@H](S(=O)(=O)N=C(O1)N[C@@H](CCO)c2ccccc2F)c3ccc(cc3F)c4ccccc4)C,1,[0 1 0 ... 0 0 0]
1190,CC1([C@@H]2CC[C@]1(C(=O)C2)CS(=O)(=O)NC(=S)NC34CC5CC(C3)CC(C5)C4)C,0,[0 0 0 ... 0 0 0]
265,c1ccc2c(c1)cncc2C3=CC4CCC(C3)N4C(=O)N5CCCc6c5cccc6,0,[0 0 0 ... 0 0 0]
